Date,Adj Close
2010-06-01,4.658614
2010-06-02,4.653959
2010-06-03,4.653959
2010-06-04,4.705153
2010-06-07,4.737731
2010-06-08,4.723769
2010-06-09,4.709807
2010-06-10,4.681884
2010-06-11,4.672575
2010-06-14,4.639998
2010-06-15,4.621383
2010-06-16,4.621383
2010-06-17,4.621383
2010-06-18,4.616729
2010-06-21,4.616729
2010-06-22,4.621383
2010-06-23,4.626036
2010-06-24,4.621383
2010-06-25,4.612074
2010-06-28,4.621383
2010-06-29,4.663267
2010-06-30,4.639998
2010-07-01,4.616729
2010-07-02,4.598112
2010-07-06,4.593458
2010-07-07,4.560881
2010-07-08,4.537611
2010-07-09,4.537611
2010-07-12,4.542265
2010-07-13,4.537611
2010-07-14,4.528303
2010-07-15,4.505033
2010-07-16,4.514341
2010-07-19,4.518995
2010-07-20,4.514341
2010-07-21,4.528303
2010-07-22,4.509688
2010-07-23,4.486417
2010-07-26,4.495725
2010-07-27,4.472455
2010-07-28,4.45384
2010-07-29,4.45384
2010-07-30,4.444532
2010-08-02,4.463148
2010-08-03,4.463148
2010-08-04,4.472455
2010-08-05,4.491071
2010-08-06,4.500379
2010-08-09,4.481763
2010-08-10,4.472455
2010-08-11,4.449186
2010-08-12,4.472455
2010-08-13,4.472455
2010-08-16,4.486417
2010-08-17,4.495725
2010-08-18,4.500379
2010-08-19,4.500379
2010-08-20,4.491071
2010-08-23,4.491071
2010-08-24,4.491071
2010-08-25,4.481763
2010-08-26,4.509688
2010-08-27,4.509688
2010-08-30,4.528303
2010-08-31,4.532957
2010-09-01,4.528303
2010-09-02,4.542265
2010-09-03,4.556227
2010-09-07,4.579496
2010-09-08,4.570188
2010-09-09,4.570188
2010-09-10,4.565535
2010-09-13,4.588804
2010-09-14,4.602767
2010-09-15,4.574842
2010-09-16,4.565535
2010-09-17,4.598112
2010-09-20,4.602767
2010-09-21,4.598112
2010-09-22,4.612074
2010-09-23,4.612074
2010-09-24,4.635344
2010-09-27,4.63069
2010-09-28,4.635344
2010-09-29,4.626036
2010-09-30,4.616729
2010-10-01,4.579496
2010-10-04,4.588804
2010-10-05,4.63069
2010-10-06,4.649305
2010-10-07,4.644651
2010-10-08,4.728424
2010-10-11,4.733077
2010-10-12,4.756347
2010-10-13,4.761001
2010-10-14,4.779617
2010-10-15,4.761001
2010-10-18,4.765655
2010-10-19,4.709807
2010-10-20,4.765655
2010-10-21,4.737731
2010-10-22,4.733077
2010-10-25,4.765655
2010-10-26,4.747039
2010-10-27,4.719115
2010-10-28,4.751693
2010-10-29,4.765655
2010-11-01,4.761001
2010-11-02,4.802886
2010-11-03,4.816848
2010-11-04,4.891312
2010-11-05,4.891312
2010-11-08,4.891312
2010-11-09,4.895967
2010-11-10,4.87735
2010-11-11,4.858733
2010-11-12,4.765655
2010-11-15,4.765655
2010-11-16,4.67723
2010-11-17,4.663267
2010-11-18,4.719115
2010-11-19,4.705153
2010-11-22,4.7005
2010-11-23,4.691192
2010-11-24,4.723769
2010-11-26,4.7005
2010-11-29,4.714462
2010-11-30,4.7005
2010-12-01,4.765655
2010-12-02,4.774963
2010-12-03,4.80754
2010-12-06,4.812195
2010-12-07,4.802886
2010-12-08,4.80754
2010-12-09,4.802886
2010-12-10,4.793579
2010-12-13,4.821502
2010-12-14,4.80754
2010-12-15,4.802886
2010-12-16,4.784271
2010-12-17,4.80754
2010-12-20,4.840118
2010-12-21,4.844772
2010-12-22,4.863389
2010-12-23,4.87735
2010-12-27,4.872695
2010-12-28,4.900619
2010-12-29,4.895967
2010-12-30,4.867
2010-12-31,4.909736
2011-01-03,4.914485
2011-01-04,4.862253
2011-01-05,4.87175
2011-01-06,4.838511
2011-01-07,4.824267
2011-01-10,4.848008
2011-01-11,4.867
2011-01-12,4.895491
2011-01-13,4.87175
2011-01-14,4.881246
2011-01-18,4.890743
2011-01-19,4.890743
2011-01-20,4.87175
2011-01-21,4.885994
2011-01-24,4.87175
2011-01-25,4.833764
2011-01-26,4.876498
2011-01-27,4.848008
2011-01-28,4.881246
2011-01-31,4.923981
2011-02-01,4.952471
2011-02-02,4.966715
2011-02-03,4.942974
2011-02-04,4.928729
2011-02-07,4.909736
2011-02-08,4.914485
2011-02-09,4.938226
2011-02-10,4.914485
2011-02-11,4.890743
2011-02-14,4.895491
2011-02-15,4.87175
2011-02-16,4.885994
2011-02-17,4.914485
2011-02-18,4.919232
2011-02-22,4.914485
2011-02-23,4.961967
2011-02-24,4.952471
2011-02-25,4.995205
2011-02-28,5.004701
2011-03-01,5.023695
2011-03-02,5.047436
2011-03-03,5.052185
2011-03-04,5.071178
2011-03-07,5.061681
2011-03-08,5.028443
2011-03-09,5.023695
2011-03-10,4.980959
2011-03-11,4.976212
2011-03-14,4.985708
2011-03-15,4.900239
2011-03-16,4.909736
2011-03-17,5.014198
2011-03-18,5.023695
2011-03-21,5.042688
2011-03-22,5.06643
2011-03-23,5.06643
2011-03-24,5.075926
2011-03-25,5.071178
2011-03-28,5.042688
2011-03-29,5.033192
2011-03-30,5.033192
2011-03-31,5.080674
2011-04-01,5.085423
2011-04-04,5.075926
2011-04-05,5.09017
2011-04-06,5.099667
2011-04-07,5.099667
2011-04-08,5.123409
2011-04-11,5.104416
2011-04-12,5.094919
2011-04-13,5.113913
2011-04-14,5.132906
2011-04-15,5.142403
2011-04-18,5.099667
2011-04-19,5.109164
2011-04-20,5.14715
2011-04-21,5.14715
2011-04-25,5.137654
2011-04-26,5.137654
2011-04-27,5.17564
2011-04-28,5.20413
2011-04-29,5.213626
2011-05-02,5.189886
2011-05-03,5.14715
2011-05-04,5.123409
2011-05-05,4.999953
2011-05-06,4.966715
2011-05-09,5.023695
2011-05-10,5.03794
2011-05-11,4.957218
2011-05-12,4.952471
2011-05-13,4.938226
2011-05-16,4.938226
2011-05-17,4.942974
2011-05-18,4.980959
2011-05-19,4.971464
2011-05-20,4.976212
2011-05-23,4.957218
2011-05-24,4.966715
2011-05-25,4.995205
2011-05-26,5.004701
2011-05-27,5.03794
2011-05-31,5.052185
2011-06-01,5.085423
2011-06-02,5.080674
2011-06-03,5.080674
2011-06-06,5.071178
2011-06-07,5.056933
2011-06-08,5.075926
2011-06-09,5.071178
2011-06-10,5.075926
2011-06-13,5.071178
2011-06-14,5.028443
2011-06-15,5.028443
2011-06-16,5.00945
2011-06-17,5.00945
2011-06-20,5.004701
2011-06-21,5.00945
2011-06-22,4.990458
2011-06-23,4.985708
2011-06-24,4.976212
2011-06-27,4.961967
2011-06-28,4.957218
2011-06-29,4.952471
2011-06-30,4.909736
2011-07-01,4.857504
2011-07-05,4.84326
2011-07-06,4.852756
2011-07-07,4.829015
2011-07-08,4.833764
2011-07-11,4.829015
2011-07-12,4.819518
2011-07-13,4.833764
2011-07-14,4.833764
2011-07-15,4.833764
2011-07-18,4.838511
2011-07-19,4.833764
2011-07-20,4.84326
2011-07-21,4.87175
2011-07-22,4.862253
2011-07-25,4.881246
2011-07-26,4.890743
2011-07-27,4.885994
2011-07-28,4.885994
2011-07-29,4.938226
2011-08-01,4.919232
2011-08-02,4.923981
2011-08-03,4.928729
2011-08-04,4.928729
2011-08-05,4.909736
2011-08-08,4.966715
2011-08-09,5.004701
2011-08-10,5.014198
2011-08-11,4.947721
2011-08-12,4.938226
2011-08-15,4.914485
2011-08-16,4.909736
2011-08-17,4.923981
2011-08-18,4.938226
2011-08-19,4.947721
2011-08-22,4.938226
2011-08-23,4.914485
2011-08-24,4.876498
2011-08-25,4.885994
2011-08-26,4.867
2011-08-29,4.84326
2011-08-30,4.857504
2011-08-31,4.87175
2011-09-01,4.848008
2011-09-02,4.87175
2011-09-06,4.890743
2011-09-07,4.87175
2011-09-08,4.867
2011-09-09,4.87175
2011-09-12,4.857504
2011-09-13,4.848008
2011-09-14,4.84326
2011-09-15,4.81477
2011-09-16,4.819518
2011-09-19,4.824267
2011-09-20,4.838511
2011-09-21,4.829015
2011-09-22,4.810022
2011-09-23,4.772036
2011-09-26,4.767288
2011-09-27,4.767288
2011-09-28,4.748294
2011-09-29,4.753042
2011-09-30,4.753042
2011-10-03,4.757791
2011-10-04,4.767288
2011-10-05,4.738798
2011-10-06,4.719803
2011-10-07,4.715056
2011-10-10,4.658076
2011-10-11,4.634336
2011-10-12,4.605844
2011-10-13,4.610593
2011-10-14,4.577356
2011-10-17,4.605844
2011-10-18,4.605844
2011-10-19,4.624838
2011-10-20,4.624838
2011-10-21,4.601096
2011-10-24,4.558362
2011-10-25,4.586852
2011-10-26,4.601096
2011-10-27,4.515627
2011-10-28,4.53462
2011-10-31,4.558362
2011-11-01,4.572607
2011-11-02,4.572607
2011-11-03,4.56311
2011-11-04,4.567859
2011-11-07,4.596349
2011-11-08,4.591599
2011-11-09,4.610593
2011-11-10,4.615342
2011-11-11,4.624838
2011-11-14,4.624838
2011-11-15,4.605844
2011-11-16,4.615342
2011-11-17,4.639083
2011-11-18,4.643831
2011-11-21,4.653328
2011-11-22,4.658076
2011-11-23,4.672321
2011-11-25,4.667573
2011-11-28,4.658076
2011-11-29,4.64858
2011-11-30,4.634336
2011-12-01,4.639083
2011-12-02,4.658076
2011-12-05,4.64858
2011-12-06,4.653328
2011-12-07,4.653328
2011-12-08,4.643831
2011-12-09,4.64858
2011-12-12,4.653328
2011-12-13,4.681818
2011-12-14,4.662824
2011-12-15,4.643831
2011-12-16,4.634336
2011-12-19,4.620089
2011-12-20,4.624838
2011-12-21,4.634336
2011-12-22,4.629586
2011-12-23,4.615342
2011-12-27,4.610593
2011-12-28,4.605844
2011-12-29,4.61108
2011-12-30,4.587287
2012-01-03,4.549218
2012-01-04,4.568253
2012-01-05,4.582528
2012-01-06,4.582528
2012-01-09,4.592044
2012-01-10,4.558735
2012-01-11,4.563493
2012-01-12,4.511149
2012-01-13,4.530184
2012-01-17,4.511149
2012-01-18,4.482597
2012-01-19,4.47308
2012-01-20,4.468322
2012-01-23,4.458804
2012-01-24,4.47308
2012-01-25,4.458804
2012-01-26,4.449288
2012-01-27,4.43977
2012-01-30,4.449288
2012-01-31,4.449288
2012-02-01,4.463563
2012-02-02,4.458804
2012-02-03,4.449288
2012-02-06,4.43977
2012-02-07,4.444529
2012-02-08,4.444529
2012-02-09,4.449288
2012-02-10,4.454045
2012-02-13,4.43977
2012-02-14,4.43977
2012-02-15,4.43977
2012-02-16,4.425495
2012-02-17,4.40646
2012-02-21,4.415977
2012-02-22,4.415977
2012-02-23,4.425495
2012-02-24,4.415977
2012-02-27,4.415977
2012-02-28,4.415977
2012-02-29,4.387426
2012-03-01,4.392184
2012-03-02,4.377909
2012-03-05,4.358874
2012-03-06,4.330322
2012-03-07,4.335081
2012-03-08,4.354115
2012-03-09,4.363633
2012-03-12,4.358874
2012-03-13,4.363633
2012-03-14,4.335081
2012-03-15,4.354115
2012-03-16,4.37315
2012-03-19,4.377909
2012-03-20,4.349357
2012-03-21,4.354115
2012-03-22,4.325563
2012-03-23,4.354115
2012-03-26,4.368391
2012-03-27,4.358874
2012-03-28,4.335081
2012-03-29,4.301772
2012-03-30,4.330322
2012-04-02,4.325563
2012-04-03,4.320805
2012-04-04,4.325563
2012-04-05,4.311289
2012-04-09,4.306529
2012-04-10,4.297012
2012-04-11,4.301772
2012-04-12,4.297012
2012-04-13,4.292254
2012-04-16,4.306529
2012-04-17,4.306529
2012-04-18,4.316046
2012-04-19,4.301772
2012-04-20,4.316046
2012-04-23,4.297012
2012-04-24,4.301772
2012-04-25,4.311289
2012-04-26,4.301772
2012-04-27,4.292254
2012-04-30,4.282736
2012-05-01,4.273219
2012-05-02,4.273219
2012-05-03,4.258944
2012-05-04,4.244668
2012-05-07,4.23515
2012-05-08,4.239909
2012-05-09,4.230392
2012-05-10,4.230392
2012-05-11,4.225633
2012-05-14,4.23515
2012-05-15,4.244668
2012-05-16,4.244668
2012-05-17,4.239909
2012-05-18,4.216115
2012-05-21,4.239909
2012-05-22,4.220874
2012-05-23,4.225633
2012-05-24,4.230392
2012-05-25,4.230392
2012-05-29,4.249427
2012-05-30,4.244668
2012-05-31,4.225633
2012-06-01,4.249427
2012-06-04,4.220874
2012-06-05,4.220874
2012-06-06,4.178047
2012-06-07,4.16853
2012-06-08,4.187565
2012-06-11,4.197083
2012-06-12,4.197083
2012-06-13,4.20184
2012-06-14,4.16853
2012-06-15,4.173289
2012-06-18,4.139978
2012-06-19,4.10191
2012-06-20,4.10191
2012-06-21,4.139978
2012-06-22,4.130462
2012-06-25,4.097151
2012-06-26,4.082875
2012-06-27,4.073358
2012-06-28,4.097151
2012-06-29,4.011497
2012-07-02,4.035289
2012-07-03,4.040048
2012-07-05,4.097151
2012-07-06,4.097151
2012-07-09,4.116185
2012-07-10,4.106668
2012-07-11,4.111427
2012-07-12,4.130462
2012-07-13,4.120944
2012-07-16,4.13522
2012-07-17,4.13522
2012-07-18,4.159012
2012-07-19,4.163771
2012-07-20,4.20184
2012-07-23,4.197083
2012-07-24,4.192323
2012-07-25,4.178047
2012-07-26,4.154254
2012-07-27,4.149496
2012-07-30,4.178047
2012-07-31,4.173289
2012-08-01,4.173289
2012-08-02,4.16853
2012-08-03,4.139978
2012-08-06,4.130462
2012-08-07,4.116185
2012-08-08,4.125703
2012-08-09,4.139978
2012-08-10,4.130462
2012-08-13,4.111427
2012-08-14,4.106668
2012-08-15,4.111427
2012-08-16,4.092393
2012-08-17,4.097151
2012-08-20,4.111427
2012-08-21,4.10191
2012-08-22,4.106668
2012-08-23,4.087633
2012-08-24,4.082875
2012-08-27,4.078117
2012-08-28,4.073358
2012-08-29,4.092393
2012-08-30,4.10191
2012-08-31,4.092393
2012-09-04,4.078117
2012-09-05,4.082875
2012-09-06,4.087633
2012-09-07,4.111427
2012-09-10,4.097151
2012-09-11,4.097151
2012-09-12,4.092393
2012-09-13,4.106668
2012-09-14,4.120944
2012-09-17,4.082875
2012-09-18,4.059083
2012-09-19,4.059083
2012-09-20,4.044806
2012-09-21,4.049565
2012-09-24,4.040048
2012-09-25,4.040048
2012-09-26,4.021014
2012-09-27,4.025772
2012-09-28,4.035289
2012-10-01,4.054324
2012-10-02,4.054324
2012-10-03,4.021014
2012-10-04,4.054324
2012-10-05,4.040048
2012-10-08,4.035289
2012-10-09,4.044806
2012-10-10,4.049565
2012-10-11,4.054324
2012-10-12,4.059083
2012-10-15,4.049565
2012-10-16,4.054324
2012-10-17,4.049565
2012-10-18,4.030531
2012-10-19,4.011497
2012-10-22,3.987704
2012-10-23,3.973428
2012-10-24,3.959152
2012-10-25,3.959152
2012-10-26,3.968669
2012-10-31,3.968669
2012-11-01,3.968669
2012-11-02,3.954394
2012-11-05,3.959152
2012-11-06,3.96391
2012-11-07,3.959152
2012-11-08,3.954394
2012-11-09,3.954394
2012-11-12,3.973428
2012-11-13,3.982944
2012-11-14,3.987704
2012-11-15,3.992462
2012-11-16,3.997221
2012-11-19,3.992462
2012-11-20,3.997221
2012-11-21,4.011497
2012-11-23,4.025772
2012-11-26,4.011497
2012-11-27,3.997221
2012-11-28,3.982944
2012-11-29,3.978186
2012-11-30,3.978186
2012-12-03,3.973428
2012-12-04,3.968669
2012-12-05,3.954394
2012-12-06,3.935359
2012-12-07,3.940117
2012-12-10,3.954394
2012-12-11,3.959152
2012-12-12,3.982944
2012-12-13,3.982944
2012-12-14,3.982944
2012-12-17,3.978186
2012-12-18,3.982944
2012-12-19,4.011497
2012-12-20,4.001979
2012-12-21,3.987704
2012-12-24,3.992462
2012-12-26,4.021014
2012-12-27,4.030531
2012-12-28,4.021014
2012-12-31,4.035289
2013-01-02,4.049565
2013-01-03,4.044806
2013-01-04,4.059083
2013-01-07,4.054324
2013-01-08,4.054324
2013-01-09,4.059083
2013-01-10,4.0686
2013-01-11,4.059083
2013-01-14,4.049565
2013-01-15,4.021014
2013-01-16,4.021014
2013-01-17,4.030531
2013-01-18,4.021014
2013-01-22,4.025772
2013-01-23,4.021014
2013-01-24,4.044806
2013-01-25,4.049565
2013-01-28,4.059083
2013-01-29,4.073358
2013-01-30,4.0686
2013-01-31,4.078117
2013-02-01,4.097151
2013-02-04,4.097151
2013-02-05,4.10191
2013-02-06,4.106668
2013-02-07,4.087633
2013-02-08,4.087633
2013-02-11,4.082875
2013-02-12,4.092393
2013-02-13,4.097151
2013-02-14,4.087633
2013-02-15,4.087633
2013-02-19,4.087633
2013-02-20,4.0686
2013-02-21,4.049565
2013-02-22,4.044806
2013-02-25,4.040048
2013-02-26,4.035289
2013-02-27,4.035289
2013-02-28,4.035289
2013-03-01,4.040048
2013-03-04,4.040048
2013-03-05,4.044806
2013-03-06,4.049565
2013-03-07,4.049565
2013-03-08,4.059083
2013-03-11,4.054324
2013-03-12,4.049565
2013-03-13,4.059083
2013-03-14,4.063841
2013-03-15,4.0686
2013-03-18,4.078117
2013-03-19,4.073358
2013-03-20,4.0686
2013-03-21,4.059083
2013-03-22,4.059083
2013-03-25,4.063841
2013-03-26,4.073358
2013-03-27,4.082875
2013-03-28,4.10191
2013-04-01,4.078117
2013-04-02,4.078117
2013-04-03,4.087633
2013-04-04,4.078117
2013-04-05,4.078117
2013-04-08,4.092393
2013-04-09,4.082875
2013-04-10,4.097151
2013-04-11,4.097151
2013-04-12,4.111427
2013-04-15,4.10191
2013-04-16,4.106668
2013-04-17,4.106668
2013-04-18,4.106668
2013-04-19,4.116185
2013-04-22,4.111427
2013-04-23,4.125703
2013-04-24,4.120944
2013-04-25,4.120944
2013-04-26,4.120944
2013-04-29,4.144737
2013-04-30,4.125703
2013-05-01,4.13522
2013-05-02,4.106668
2013-05-03,4.106668
2013-05-06,4.106668
2013-05-07,4.10191
2013-05-08,4.106668
2013-05-09,4.097151
2013-05-10,4.10191
2013-05-13,4.092393
2013-05-14,4.10191
2013-05-15,4.120944
2013-05-16,4.116185
2013-05-17,4.130462
2013-05-20,4.125703
2013-05-21,4.13522
2013-05-22,4.116185
2013-05-23,4.116185
2013-05-24,4.116185
2013-05-28,4.10191
2013-05-29,4.087633
2013-05-30,4.073358
2013-05-31,4.059083
2013-06-03,4.044806
2013-06-04,4.049565
2013-06-05,4.035289
2013-06-06,4.021014
2013-06-07,4.044806
2013-06-10,4.044806
2013-06-11,4.030531
2013-06-12,4.016255
2013-06-13,4.025772
2013-06-14,4.006738
2013-06-17,4.021014
2013-06-18,4.035289
2013-06-19,4.044806
2013-06-20,4.059083
2013-06-21,4.044806
2013-06-24,4.030531
2013-06-25,4.030531
2013-06-26,4.049565
2013-06-27,4.059083
2013-06-28,4.054324
2013-07-01,4.054324
2013-07-02,4.059083
2013-07-03,4.054324
2013-07-05,4.073358
2013-07-08,4.0686
2013-07-09,4.049565
2013-07-10,4.044806
2013-07-11,4.030531
2013-07-12,4.044806
2013-07-15,4.044806
2013-07-16,4.035289
2013-07-17,4.040048
2013-07-18,4.044806
2013-07-19,4.044806
2013-07-22,4.016255
2013-07-23,4.030531
2013-07-24,4.044806
2013-07-25,4.044806
2013-07-26,4.040048
2013-07-29,4.035289
2013-07-30,4.054324
2013-07-31,4.054324
2013-08-01,4.082875
2013-08-02,4.082875
2013-08-05,4.087633
2013-08-06,4.082875
2013-08-07,4.0686
2013-08-08,4.054324
2013-08-09,4.049565
2013-08-12,4.040048
2013-08-13,4.059083
2013-08-14,4.044806
2013-08-15,4.016255
2013-08-16,4.016255
2013-08-19,4.001979
2013-08-20,4.001979
2013-08-21,3.973428
2013-08-22,3.992462
2013-08-23,3.982944
2013-08-26,3.96391
2013-08-27,3.978186
2013-08-28,3.987704
2013-08-29,3.982944
2013-08-30,3.978186
2013-09-03,3.973428
2013-09-04,3.973428
2013-09-05,3.982944
2013-09-06,3.982944
2013-09-09,3.978186
2013-09-10,3.973428
2013-09-11,3.973428
2013-09-12,3.987704
2013-09-13,3.987704
2013-09-16,3.987704
2013-09-17,3.973428
2013-09-18,3.992462
2013-09-19,3.968669
2013-09-20,3.973428
2013-09-23,3.96391
2013-09-24,3.968669
2013-09-25,3.96391
2013-09-26,3.973428
2013-09-27,3.973428
2013-09-30,3.96391
2013-10-01,3.973428
2013-10-02,3.973428
2013-10-03,3.96391
2013-10-04,3.968669
2013-10-07,3.949635
2013-10-08,3.944877
2013-10-09,3.940117
2013-10-10,3.973428
2013-10-11,3.982944
2013-10-14,3.978186
2013-10-15,3.973428
2013-10-16,3.982944
2013-10-17,3.968669
2013-10-18,3.973428
2013-10-21,3.968669
2013-10-22,3.96391
2013-10-23,3.944877
2013-10-24,3.944877
2013-10-25,3.949635
2013-10-28,3.968669
2013-10-29,3.96391
2013-10-30,3.959152
2013-10-31,3.96391
2013-11-01,3.959152
2013-11-04,3.96391
2013-11-05,3.96391
2013-11-06,3.968669
2013-11-07,3.959152
2013-11-08,3.954394
2013-11-11,3.949635
2013-11-12,3.949635
2013-11-13,3.954394
2013-11-14,3.954394
2013-11-15,3.96391
2013-11-18,3.968669
2013-11-19,3.968669
2013-11-20,3.96391
2013-11-21,3.973428
2013-11-22,3.978186
2013-11-25,3.973428
2013-11-26,3.978186
2013-11-27,3.978186
2013-11-29,3.973428
2013-12-02,3.992462
2013-12-03,3.982944
2013-12-04,3.973428
2013-12-05,3.978186
2013-12-06,3.987704
2013-12-09,3.987704
2013-12-10,3.973428
2013-12-11,3.96391
2013-12-12,3.987704
2013-12-13,3.978186
2013-12-16,3.968669
2013-12-17,3.973428
2013-12-18,3.987704
2013-12-19,3.987704
2013-12-20,3.987704
2013-12-23,3.997221
2013-12-24,4.006738
2013-12-26,4.011497
2013-12-27,4.006738
2013-12-30,4.006738
2013-12-31,4.006738
2014-01-02,4.021014
2014-01-03,4.021014
2014-01-06,4.011497
2014-01-07,4.011497
2014-01-08,4.006738
2014-01-09,3.982944
2014-01-10,3.982944
2014-01-13,3.982944
2014-01-14,3.997221
2014-01-15,3.997221
2014-01-16,4.001979
2014-01-17,3.992462
2014-01-21,4.006738
2014-01-22,4.021014
2014-01-23,4.016255
2014-01-24,4.030531
2014-01-27,4.025772
2014-01-28,4.040048
2014-01-29,4.054324
2014-01-30,4.030531
2014-01-31,4.030531
2014-02-03,4.030531
2014-02-04,4.021014
2014-02-05,4.016255
2014-02-06,4.016255
2014-02-07,4.021014
2014-02-10,4.016255
2014-02-11,4.016255
2014-02-12,4.006738
2014-02-13,4.006738
2014-02-14,3.997221
2014-02-18,3.987704
2014-02-19,3.982944
2014-02-20,3.982944
2014-02-21,3.982944
2014-02-24,3.96391
2014-02-25,3.959152
2014-02-26,3.973428
2014-02-27,3.973428
2014-02-28,3.968669
2014-03-03,3.949635
2014-03-04,3.954394
2014-03-05,3.949635
2014-03-06,3.944877
2014-03-07,3.954394
2014-03-10,3.954394
2014-03-11,3.949635
2014-03-12,3.940117
2014-03-13,3.9306
2014-03-14,3.9306
2014-03-17,3.944877
2014-03-18,3.949635
2014-03-19,3.954394
2014-03-20,3.968669
2014-03-21,3.968669
2014-03-24,3.968669
2014-03-25,3.96391
2014-03-26,3.959152
2014-03-27,3.954394
2014-03-28,3.96391
2014-03-31,3.968669
2014-04-01,3.959152
2014-04-02,3.954394
2014-04-03,3.954394
2014-04-04,3.959152
2014-04-07,3.96391
2014-04-08,3.959152
2014-04-09,3.959152
2014-04-10,3.96391
2014-04-11,3.968669
2014-04-14,3.968669
2014-04-15,3.968669
2014-04-16,3.959152
2014-04-17,3.96391
2014-04-21,3.959152
2014-04-22,3.96391
2014-04-23,3.959152
2014-04-24,3.959152
2014-04-25,3.954394
2014-04-28,3.949635
2014-04-29,3.944877
2014-04-30,3.944877
2014-05-01,3.940117
2014-05-02,3.9306
2014-05-05,3.9306
2014-05-06,3.940117
2014-05-07,3.935359
2014-05-08,3.916324
2014-05-09,3.906808
2014-05-12,3.892532
2014-05-13,3.887773
2014-05-14,3.883015
2014-05-15,3.89729
2014-05-16,3.887773
2014-05-19,3.892532
2014-05-20,3.902049
2014-05-21,3.892532
2014-05-22,3.878256
2014-05-23,3.878256
2014-05-27,3.887773
2014-05-28,3.89729
2014-05-29,3.89729
2014-05-30,3.892532
2014-06-02,3.89729
2014-06-03,3.906808
2014-06-04,3.911566
2014-06-05,3.925842
2014-06-06,3.944877
2014-06-09,3.944877
2014-06-10,3.935359
2014-06-11,3.935359
2014-06-12,3.96391
2014-06-13,3.968669
2014-06-16,3.968669
2014-06-17,3.968669
2014-06-18,3.978186
2014-06-19,3.968669
2014-06-20,3.96391
2014-06-23,3.959152
2014-06-24,3.959152
2014-06-25,3.968669
2014-06-26,3.954394
2014-06-27,3.949635
2014-06-30,3.949635
2014-07-01,3.959152
2014-07-02,3.944877
2014-07-03,3.954394
2014-07-07,3.9306
2014-07-08,3.921083
2014-07-09,3.921083
2014-07-10,3.902049
2014-07-11,3.89729
2014-07-14,3.921083
2014-07-15,3.902049
2014-07-16,3.921083
2014-07-17,3.878256
2014-07-18,3.906808
2014-07-21,3.887773
2014-07-22,3.892532
2014-07-23,3.89729
2014-07-24,3.892532
2014-07-25,3.878256
2014-07-28,3.878256
2014-07-29,3.883015
2014-07-30,3.868739
2014-07-31,3.825912
2014-08-01,3.83067
2014-08-04,3.825912
2014-08-05,3.816395
2014-08-06,3.797359
2014-08-07,3.811636
2014-08-08,3.806876
2014-08-11,3.802118
2014-08-12,3.802118
2014-08-13,3.816395
2014-08-14,3.792601
2014-08-15,3.816395
2014-08-18,3.811636
2014-08-19,3.797359
2014-08-20,3.802118
2014-08-21,3.797359
2014-08-22,3.802118
2014-08-25,3.792601
2014-08-26,3.797359
2014-08-27,3.787843
2014-08-28,3.787843
2014-08-29,3.797359
2014-09-02,3.797359
2014-09-03,3.797359
2014-09-04,3.816395
2014-09-05,3.816395
2014-09-08,3.821152
2014-09-09,3.821152
2014-09-10,3.821152
2014-09-11,3.825912
2014-09-12,3.83067
2014-09-15,3.825912
2014-09-16,3.83067
2014-09-17,3.835429
2014-09-18,3.844946
2014-09-19,3.849705
2014-09-22,3.849705
2014-09-23,3.844946
2014-09-24,3.849705
2014-09-25,3.840187
2014-09-26,3.835429
2014-09-29,3.821152
2014-09-30,3.835429
2014-10-01,3.849705
2014-10-02,3.859221
2014-10-03,3.868739
2014-10-06,3.844946
2014-10-07,3.840187
2014-10-08,3.854463
2014-10-09,3.868739
2014-10-10,3.878256
2014-10-13,3.859221
2014-10-14,3.892532
2014-10-15,3.911566
2014-10-16,3.892532
2014-10-17,3.892532
2014-10-20,3.902049
2014-10-21,3.892532
2014-10-22,3.911566
2014-10-23,3.902049
2014-10-24,3.906808
2014-10-27,3.911566
2014-10-28,3.887773
2014-10-29,3.868739
2014-10-30,3.887773
2014-10-31,3.89729
2014-11-03,3.911566
2014-11-04,3.935359
2014-11-05,3.935359
2014-11-06,3.925842
2014-11-07,3.906808
2014-11-10,3.921083
2014-11-11,3.89729
2014-11-12,3.911566
2014-11-13,3.973428
2014-11-14,3.944877
2014-11-17,3.935359
2014-11-18,3.954394
2014-11-19,3.982944
2014-11-20,3.935359
2014-11-21,3.9306
2014-11-24,3.935359
2014-11-25,3.940117
2014-11-26,3.944877
2014-11-28,4.059083
2014-12-01,4.006738
2014-12-02,4.044806
2014-12-03,4.044806
2014-12-04,4.040048
2014-12-05,4.054324
2014-12-08,4.078117
2014-12-09,4.049565
2014-12-10,4.082875
2014-12-11,4.092393
2014-12-12,4.111427
2014-12-15,4.13522
2014-12-16,4.159012
2014-12-17,4.144737
2014-12-18,4.16853
2014-12-19,4.13522
2014-12-22,4.163771
2014-12-23,4.139978
2014-12-24,4.159012
2014-12-26,4.159012
2014-12-29,4.182806
2014-12-30,4.16853
2014-12-31,4.197083
2015-01-02,4.211357
2015-01-05,4.282736
2015-01-06,4.306529
2015-01-07,4.287495
2015-01-08,4.249427
2015-01-09,4.263702
2015-01-12,4.344598
2015-01-13,4.339839
2015-01-14,4.277977
2015-01-15,4.335081
2015-01-16,4.287495
2015-01-20,4.349357
2015-01-21,4.287495
2015-01-22,4.297012
2015-01-23,4.316046
2015-01-26,4.301772
2015-01-27,4.287495
2015-01-28,4.377909
2015-01-29,4.382667
2015-01-30,4.363633
2015-02-02,4.325563
2015-02-03,4.197083
2015-02-04,4.311289
2015-02-05,4.258944
2015-02-06,4.258944
2015-02-09,4.230392
2015-02-10,4.249427
2015-02-11,4.263702
2015-02-12,4.178047
2015-02-13,4.120944
2015-02-17,4.120944
2015-02-18,4.144737
2015-02-19,4.16853
2015-02-20,4.173289
2015-02-23,4.206598
2015-02-24,4.216115
2015-02-25,4.182806
2015-02-26,4.23515
2015-02-27,4.182806
2015-03-02,4.216115
2015-03-03,4.20184
2015-03-04,4.197083
2015-03-05,4.20184
2015-03-06,4.230392
2015-03-09,4.254184
2015-03-10,4.292254
2015-03-11,4.282736
2015-03-12,4.301772
2015-03-13,4.358874
2015-03-16,4.368391
2015-03-17,4.363633
2015-03-18,4.311289
2015-03-19,4.339839
2015-03-20,4.311289
2015-03-23,4.301772
2015-03-24,4.297012
2015-03-25,4.273219
2015-03-26,4.249427
2015-03-27,4.311289
2015-03-30,4.325563
2015-03-31,4.349357
2015-04-01,4.311289
2015-04-02,4.311289
2015-04-06,4.26846
2015-04-07,4.254184
2015-04-08,4.320805
2015-04-09,4.325563
2015-04-10,4.311289
2015-04-13,4.320805
2015-04-14,4.297012
2015-04-15,4.230392
2015-04-16,4.192323
2015-04-17,4.216115
2015-04-20,4.230392
2015-04-21,4.254184
2015-04-22,4.23515
2015-04-23,4.206598
2015-04-24,4.197083
2015-04-27,4.20184
2015-04-28,4.206598
2015-04-29,4.16853
2015-04-30,4.125703
2015-05-01,4.13522
2015-05-04,4.139978
2015-05-05,4.125703
2015-05-06,4.116185
2015-05-07,4.154254
2015-05-08,4.120944
2015-05-11,4.130462
2015-05-12,4.097151
2015-05-13,4.087633
2015-05-14,4.0686
2015-05-15,4.073358
2015-05-18,4.078117
2015-05-19,4.125703
2015-05-20,4.125703
2015-05-21,4.10191
2015-05-22,4.13522
2015-05-26,4.182806
2015-05-27,4.20184
2015-05-28,4.216115
2015-05-29,4.197083
2015-06-01,4.197083
2015-06-02,4.159012
2015-06-03,4.197083
2015-06-04,4.20184
2015-06-05,4.197083
2015-06-08,4.16853
2015-06-09,4.130462
2015-06-10,4.116185
2015-06-11,4.159012
2015-06-12,4.173289
2015-06-15,4.149496
2015-06-16,4.149496
2015-06-17,4.149496
2015-06-18,4.159012
2015-06-19,4.159012
2015-06-22,4.178047
2015-06-23,4.187565
2015-06-24,4.178047
2015-06-25,4.163771
2015-06-26,4.178047
2015-06-29,4.125703
2015-06-30,4.087633
2015-07-01,4.125703
2015-07-02,4.125703
2015-07-06,4.192323
2015-07-07,4.211357
2015-07-08,4.216115
2015-07-09,4.20184
2015-07-10,4.182806
2015-07-13,4.173289
2015-07-14,4.173289
2015-07-15,4.192323
2015-07-16,4.216115
2015-07-17,4.225633
2015-07-20,4.263702
2015-07-21,4.254184
2015-07-22,4.273219
2015-07-23,4.292254
2015-07-24,4.311289
2015-07-27,4.320805
2015-07-28,4.311289
2015-07-29,4.292254
2015-07-30,4.316046
2015-07-31,4.339839
2015-08-03,4.335081
2015-08-04,4.320805
2015-08-05,4.330322
2015-08-06,4.330322
2015-08-07,4.325563
2015-08-10,4.297012
2015-08-11,4.311289
2015-08-12,4.297012
2015-08-13,4.320805
2015-08-14,4.316046
2015-08-17,4.330322
2015-08-18,4.339839
2015-08-19,4.330322
2015-08-20,4.311289
2015-08-21,4.344598
2015-08-24,4.358874
2015-08-25,4.349357
2015-08-26,4.363633
2015-08-27,4.349357
2015-08-28,4.339839
2015-08-31,4.349357
2015-09-01,4.40646
2015-09-02,4.392184
2015-09-03,4.368391
2015-09-04,4.396942
2015-09-08,4.363633
2015-09-09,4.377909
2015-09-10,4.358874
2015-09-11,4.358874
2015-09-14,4.358874
2015-09-15,4.335081
2015-09-16,4.301772
2015-09-17,4.320805
2015-09-18,4.363633
2015-09-21,4.344598
2015-09-22,4.377909
2015-09-23,4.382667
2015-09-24,4.368391
2015-09-25,4.363633
2015-09-28,4.392184
2015-09-29,4.392184
2015-09-30,4.392184
2015-10-01,4.392184
2015-10-02,4.382667
2015-10-05,4.282736
2015-10-06,4.197083
2015-10-07,4.178047
2015-10-08,4.144737
2015-10-09,4.111427
2015-10-12,4.139978
2015-10-13,4.163771
2015-10-14,4.206598
2015-10-15,4.182806
2015-10-16,4.187565
2015-10-19,4.225633
2015-10-20,4.187565
2015-10-21,4.216115
2015-10-22,4.239909
2015-10-23,4.23515
2015-10-26,4.258944
2015-10-27,4.311289
2015-10-28,4.249427
2015-10-29,4.206598
2015-10-30,4.182806
2015-11-02,4.187565
2015-11-03,4.139978
2015-11-04,4.144737
2015-11-05,4.187565
2015-11-06,4.159012
2015-11-09,4.20184
2015-11-10,4.292254
2015-11-11,4.277977
2015-11-12,4.287495
2015-11-13,4.358874
2015-11-16,4.392184
2015-11-17,4.392184
2015-11-18,4.40646
2015-11-19,4.368391
2015-11-20,4.392184
2015-11-23,4.368391
2015-11-24,4.354115
2015-11-25,4.358874
2015-11-27,4.430253
2015-11-30,4.430253
2015-12-01,4.415977
2015-12-02,4.43977
2015-12-03,4.149496
2015-12-04,4.125703
2015-12-07,4.26846
2015-12-08,4.254184
2015-12-09,4.216115
2015-12-10,4.206598
2015-12-11,4.258944
2015-12-14,4.277977
2015-12-15,4.292254
2015-12-16,4.311289
2015-12-17,4.358874
2015-12-18,4.287495
2015-12-21,4.273219
2015-12-22,4.273219
2015-12-23,4.239909
2015-12-24,4.211357
2015-12-28,4.239909
2015-12-29,4.170086
2015-12-30,4.223055
2015-12-31,4.198978
2016-01-04,4.256762
2016-01-05,4.247132
2016-01-06,4.276024
2016-01-07,4.28084
2016-01-08,4.314548
2016-01-11,4.357885
2016-01-12,4.348255
2016-01-13,4.348255
2016-01-14,4.362701
2016-01-15,4.4253
2016-01-19,4.406037
2016-01-20,4.463822
2016-01-21,4.43493
2016-01-22,4.372331
2016-01-25,4.381961
2016-01-26,4.362701
2016-01-27,4.35307
2016-01-28,4.357885
2016-01-29,4.35307
2016-02-01,4.343439
2016-02-02,4.401224
2016-02-03,4.391592
2016-02-04,4.386776
2016-02-05,4.415669
2016-02-08,4.463822
2016-02-09,4.502346
2016-02-10,4.507161
2016-02-11,4.545684
2016-02-12,4.483084
2016-02-16,4.459006
2016-02-17,4.415669
2016-02-18,4.430115
2016-02-19,4.444561
2016-02-22,4.4253
2016-02-23,4.449376
2016-02-24,4.473453
2016-02-25,4.473453
2016-02-26,4.444561
2016-02-29,4.459006
2016-03-01,4.415669
2016-03-02,4.377146
2016-03-03,4.367516
2016-03-04,4.309731
2016-03-07,4.29047
2016-03-08,4.328992
2016-03-09,4.285654
2016-03-10,4.261578
2016-03-11,4.213425
2016-03-14,4.208609
2016-03-15,4.21824
2016-03-16,4.223055
2016-03-17,4.227871
2016-03-18,4.242317
2016-03-21,4.227871
2016-03-22,4.213425
2016-03-23,4.242317
2016-03-24,4.256762
2016-03-28,4.251947
2016-03-29,4.271208
2016-03-30,4.261578
2016-03-31,4.271208
2016-04-01,4.304915
2016-04-04,4.314548
2016-04-05,4.362701
2016-04-06,4.35307
2016-04-07,4.381961
2016-04-08,4.338624
2016-04-11,4.324177
2016-04-12,4.271208
2016-04-13,4.237502
2016-04-14,4.21824
2016-04-15,4.251947
2016-04-18,4.237502
2016-04-19,4.165271
2016-04-20,4.131563
2016-04-21,4.093041
2016-04-22,4.088225
2016-04-25,4.08341
2016-04-26,4.064148
2016-04-27,4.08341
2016-04-28,4.121933
2016-04-29,4.126749
2016-05-02,4.136379
2016-05-03,4.198978
2016-05-04,4.213425
2016-05-05,4.237502
2016-05-06,4.256762
2016-05-09,4.266393
2016-05-10,4.256762
2016-05-11,4.256762
2016-05-12,4.237502
2016-05-13,4.261578
2016-05-16,4.227871
2016-05-17,4.208609
2016-05-18,4.141195
2016-05-19,4.160456
2016-05-20,4.165271
2016-05-23,4.170086
2016-05-24,4.150825
2016-05-25,4.136379
2016-05-26,4.160456
2016-05-27,4.14601
2016-05-31,4.131563
2016-06-01,4.150825
2016-06-02,4.203794
2016-06-03,4.29047
2016-06-06,4.285654
2016-06-07,4.28084
2016-06-08,4.276024
2016-06-09,4.324177
2016-06-10,4.386776
2016-06-13,4.415669
2016-06-14,4.468638
2016-06-15,4.4879
2016-06-16,4.550499
2016-06-17,4.483084
2016-06-20,4.406037
2016-06-21,4.357885
2016-06-22,4.328992
2016-06-23,4.261578
2016-06-24,4.569759
2016-06-27,4.632359
2016-06-28,4.627543
2016-06-29,4.622729
2016-06-30,4.632359
2016-07-01,4.666067
2016-07-05,4.723852
2016-07-06,4.733482
2016-07-07,4.719036
2016-07-08,4.728666
2016-07-11,4.690143
2016-07-12,4.613098
2016-07-13,4.646804
2016-07-14,4.574574
2016-07-15,4.526422
2016-07-18,4.531237
2016-07-19,4.555314
2016-07-20,4.516791
2016-07-21,4.531237
2016-07-22,4.516791
2016-07-25,4.502346
2016-07-26,4.536053
2016-07-27,4.593837
2016-07-28,4.613098
2016-07-29,4.64199
2016-08-01,4.603468
2016-08-02,4.545684
2016-08-03,4.521606
2016-08-04,4.64199
2016-08-05,4.593837
2016-08-08,4.579391
2016-08-09,4.617914
2016-08-10,4.64199
2016-08-11,4.613098
2016-08-12,4.598652
2016-08-15,4.574574
2016-08-16,4.521606
2016-08-17,4.492714
2016-08-18,4.526422
2016-08-19,4.444561
2016-08-22,4.507161
2016-08-23,4.564944
2016-08-24,4.492714
2016-08-25,4.468638
2016-08-26,4.473453
2016-08-29,4.545684
2016-08-30,4.521606
2016-08-31,4.478269
2016-09-01,4.463822
2016-09-02,4.483084
2016-09-06,4.670883
2016-09-07,4.675698
2016-09-08,4.521606
2016-09-09,4.266393
2016-09-12,4.194163
2016-09-13,4.165271
2016-09-14,4.198978
2016-09-15,4.247132
2016-09-16,4.29047
2016-09-19,4.333808
2016-09-20,4.386776
2016-09-21,4.401224
2016-09-22,4.502346
2016-09-23,4.502346
2016-09-26,4.545684
2016-09-27,4.608283
2016-09-28,4.603468
2016-09-29,4.574574
2016-09-30,4.560129
2016-10-03,4.531237
2016-10-04,4.449376
2016-10-05,4.333808
2016-10-06,4.314548
2016-10-07,4.324177
2016-10-10,4.300101
2016-10-11,4.261578
2016-10-12,4.251947
2016-10-13,4.227871
2016-10-14,4.213425
2016-10-17,4.227871
2016-10-18,4.251947
2016-10-19,4.28084
2016-10-20,4.232686
2016-10-21,4.208609
2016-10-24,4.237502
2016-10-25,4.251947
2016-10-26,4.126749
2016-10-27,4.025626
2016-10-28,4.025626
2016-10-31,3.996734
2016-11-01,4.006365
2016-11-02,4.035257
2016-11-03,4.00155
2016-11-04,4.030442
2016-11-07,4.078596
2016-11-08,4.025626
2016-11-09,3.996734
2016-11-10,3.86672
2016-11-11,3.736706
2016-11-14,3.73189
2016-11-15,3.746336
2016-11-16,3.693368
2016-11-17,3.702999
2016-11-18,3.683738
2016-11-21,3.712629
2016-11-22,3.784859
2016-11-23,3.799305
2016-11-25,3.847459
2016-11-28,3.900427
2016-11-29,3.828197
2016-11-30,3.857089
2016-12-01,3.871536
2016-12-02,3.828197
2016-12-05,3.813751
2016-12-06,3.80412
2016-12-07,3.847459
2016-12-08,3.905242
2016-12-09,3.958212
2016-12-12,3.919689
2016-12-13,3.943765
2016-12-14,3.929319
2016-12-15,3.967842
2016-12-16,3.967842
2016-12-19,3.948581
2016-12-20,3.972658
2016-12-21,3.972658
2016-12-22,3.958212
2016-12-23,3.958212
2016-12-27,3.996734
2016-12-28,3.996208
2016-12-29,3.959402
2016-12-30,3.927852
2017-01-03,3.969917
2017-01-04,4.017241
2017-01-05,3.969917
2017-01-06,4.006725
2017-01-09,3.969917
2017-01-10,3.964659
2017-01-11,4.001466
2017-01-12,3.996208
2017-01-13,4.006725
2017-01-17,3.927852
2017-01-18,3.93311
2017-01-19,3.938369
2017-01-20,3.938369
2017-01-23,3.896303
2017-01-24,3.954142
2017-01-25,3.996208
2017-01-26,4.022499
2017-01-27,4.022499
2017-01-30,3.943626
2017-01-31,3.896303
2017-02-01,3.943626
2017-02-02,3.943626
2017-02-03,3.980433
2017-02-06,3.943626
2017-02-07,3.922594
2017-02-08,3.948884
2017-02-09,3.996208
2017-02-10,4.059306
2017-02-13,4.090855
2017-02-14,4.122404
2017-02-15,4.159212
2017-02-16,4.117146
2017-02-17,4.122404
2017-02-21,4.185502
2017-02-22,4.185502
2017-02-23,4.164469
2017-02-24,4.13292
2017-02-27,4.143436
2017-02-28,4.122404
2017-03-01,4.243342
2017-03-02,4.211793
2017-03-03,4.190761
2017-03-06,4.190761
2017-03-07,4.185502
2017-03-08,4.164469
2017-03-09,4.143436
2017-03-10,4.148695
2017-03-13,4.169728
2017-03-14,4.153953
2017-03-15,4.159212
2017-03-16,4.153953
2017-03-17,4.153953
2017-03-20,4.143436
2017-03-21,4.038274
2017-03-22,3.985692
2017-03-23,3.990951
2017-03-24,4.001466
2017-03-27,3.948884
2017-03-28,4.043532
2017-03-29,4.080339
2017-03-30,4.117146
2017-03-31,4.085598
2017-04-03,4.064564
2017-04-04,4.059306
2017-04-05,4.054049
2017-04-06,4.054049
2017-04-07,4.090855
2017-04-10,4.085598
2017-04-11,4.017241
2017-04-12,3.996208
2017-04-13,3.943626
2017-04-17,3.975176
2017-04-18,3.864754
2017-04-19,3.827947
2017-04-20,3.927852
2017-04-21,3.93311
2017-04-24,4.011983
2017-04-25,4.038274
2017-04-26,4.07508
2017-04-27,4.064564
2017-04-28,4.064564
2017-05-01,4.038274
2017-05-02,4.064564
2017-05-03,4.04879
2017-05-04,4.101372
2017-05-05,4.059306
2017-05-08,4.122404
2017-05-09,4.164469
2017-05-10,4.153953
2017-05-11,4.164469
2017-05-12,4.153953
2017-05-15,4.174986
2017-05-16,4.13292
2017-05-17,3.938369
2017-05-18,3.964659
2017-05-19,3.896303
2017-05-22,3.938369
2017-05-23,3.990951
2017-05-24,4.001466
2017-05-25,4.054049
2017-05-26,4.022499
2017-05-30,4.027757
2017-05-31,4.027757
2017-06-01,4.117146
2017-06-02,4.138179
2017-06-05,4.13292
2017-06-06,4.04879
2017-06-07,4.054049
2017-06-08,4.064564
2017-06-09,4.085598
2017-06-12,4.080339
2017-06-13,4.080339
2017-06-14,4.07508
2017-06-15,4.022499
2017-06-16,4.033016
2017-06-19,4.143436
2017-06-20,4.127662
2017-06-21,4.138179
2017-06-22,4.169728
2017-06-23,4.138179
2017-06-26,4.190761
2017-06-27,4.085598
2017-06-28,4.07508
2017-06-29,3.990951
2017-06-30,3.901561
2017-07-03,3.922594
2017-07-05,3.912077
2017-07-06,3.875271
2017-07-07,3.927852
2017-07-10,3.922594
2017-07-11,3.922594
2017-07-12,3.959402
2017-07-13,3.985692
2017-07-14,3.954142
2017-07-17,3.954142
2017-07-18,3.896303
2017-07-19,3.906819
2017-07-20,3.917336
2017-07-21,3.843721
2017-07-24,3.838463
2017-07-25,3.901561
2017-07-26,3.896303
2017-07-27,3.864754
2017-07-28,3.806914
2017-07-31,3.796398
2017-08-01,3.827947
2017-08-02,3.838463
2017-08-03,3.822689
2017-08-04,3.880529
2017-08-07,3.870012
2017-08-08,3.880529
2017-08-09,3.775365
2017-08-10,3.696492
2017-08-11,3.638653
2017-08-14,3.701751
2017-08-15,3.785882
2017-08-16,3.817431
2017-08-17,3.728042
2017-08-18,3.691235
2017-08-21,3.680718
2017-08-22,3.759591
2017-08-23,3.738558
2017-08-24,3.743816
2017-08-25,3.749074
2017-08-28,3.717525
2017-08-29,3.701751
2017-08-30,3.775365
2017-08-31,3.780624
2017-09-01,3.806914
2017-09-05,3.707009
2017-09-06,3.712267
2017-09-07,3.785882
2017-09-08,3.7333
2017-09-11,3.791139
2017-09-12,3.749074
2017-09-13,3.696492
2017-09-14,3.707009
2017-09-15,3.707009
2017-09-18,3.701751
2017-09-19,3.801656
2017-09-20,3.780624
2017-09-21,3.764849
2017-09-22,3.770107
2017-09-25,3.785882
2017-09-26,3.759591
2017-09-27,3.722784
2017-09-28,3.785882
2017-09-29,3.780624
2017-10-02,3.801656
2017-10-03,3.843721
2017-10-04,3.864754
2017-10-05,3.859496
2017-10-06,3.817431
2017-10-09,3.833205
2017-10-10,3.885787
2017-10-11,3.943626
2017-10-12,3.922594
2017-10-13,3.954142
2017-10-16,4.059306
2017-10-17,4.069823
2017-10-18,4.117146
2017-10-19,4.059306
2017-10-20,4.090855
2017-10-23,4.059306
2017-10-24,4.07508
2017-10-25,4.011983
2017-10-26,4.10663
2017-10-27,4.227568
2017-10-30,4.238084
2017-10-31,4.311698
2017-11-01,4.401087
2017-11-02,4.395829
2017-11-03,4.437894
2017-11-06,4.490476
2017-11-07,4.479959
2017-11-08,4.479959
2017-11-09,4.437894
2017-11-10,4.322215
2017-11-13,4.295924
2017-11-14,4.2486
2017-11-15,4.164469
2017-11-16,4.259117
2017-11-17,4.280149
2017-11-20,4.295924
2017-11-21,4.42212
2017-11-22,4.432636
2017-11-24,4.490476
2017-11-27,4.479959
2017-11-28,4.522025
2017-11-29,4.42212
2017-11-30,4.443152
2017-12-01,4.458927
2017-12-04,4.443152
2017-12-05,4.42212
2017-12-06,4.364281
2017-12-07,4.469443
2017-12-08,4.543058
2017-12-11,4.616672
2017-12-12,4.637705
2017-12-13,4.637705
2017-12-14,4.627189
2017-12-15,4.658737
2017-12-18,4.73761
2017-12-19,4.658737
2017-12-20,4.606156
2017-12-21,4.637705
2017-12-22,4.637705
2017-12-26,4.661873
2017-12-27,4.672615
2017-12-28,4.677986
2017-12-29,4.677986
2018-01-02,4.656503
2018-01-03,4.758548
2018-01-04,4.871336
2018-01-05,4.962639
2018-01-08,4.994864
2018-01-09,4.984123
2018-01-10,4.941155
2018-01-11,5.005606
2018-01-12,5.16136
2018-01-16,5.22581
2018-01-17,5.258035
2018-01-18,5.241922
2018-01-19,5.279518
2018-01-22,5.327856
2018-01-23,5.413789
2018-01-24,5.408417
2018-01-25,5.333226
2018-01-26,5.446013
2018-01-29,5.295631
2018-01-30,5.09691
2018-01-31,5.172101
2018-02-01,5.231181
2018-02-02,4.973381
2018-02-05,4.651132
2018-02-06,4.296658
2018-02-07,4.194612
2018-02-08,4.178499
2018-02-09,4.012004
2018-02-12,4.022746
2018-02-13,4.05497
2018-02-14,4.221467
2018-02-15,4.285915
2018-02-16,4.307399
2018-02-20,4.296658
2018-02-21,4.302029
2018-02-22,4.296658
2018-02-23,4.328882
2018-02-26,4.328882
2018-02-27,4.323511
2018-02-28,4.157016
2018-03-01,4.022746
2018-03-02,4.065713
2018-03-05,4.119421
2018-03-06,4.162387
2018-03-07,4.146275
2018-03-08,4.097938
2018-03-09,4.178499
2018-03-12,4.173129
2018-03-13,4.162387
2018-03-14,4.124791
2018-03-15,4.119421
2018-03-16,4.167758
2018-03-19,4.140904
2018-03-20,4.210724
2018-03-21,4.323511
2018-03-22,4.216095
2018-03-23,4.24832
2018-03-26,4.296658
2018-03-27,4.205353
2018-03-28,4.146275
2018-03-29,4.146275
2018-04-02,4.065713
2018-04-03,4.124791
2018-04-04,4.114049
2018-04-05,4.119421
2018-04-06,4.04423
2018-04-09,4.103308
2018-04-10,4.226837
2018-04-11,4.259061
2018-04-12,4.302029
2018-04-13,4.344995
2018-04-16,4.366478
2018-04-17,4.37185
2018-04-18,4.430928
2018-04-19,4.44167
2018-04-20,4.409445
2018-04-23,4.420187
2018-04-24,4.393332
2018-04-25,4.420187
2018-04-26,4.436299
2018-04-27,4.420187
2018-04-30,4.387961
2018-05-01,4.361107
2018-05-02,4.334253
2018-05-03,4.312769
2018-05-04,4.361107
2018-05-07,4.393332
2018-05-08,4.328882
2018-05-09,4.495378
2018-05-10,4.484636
2018-05-11,4.447041
2018-05-14,4.527603
2018-05-15,4.608165
2018-05-16,4.661873
2018-05-17,4.683357
2018-05-18,4.624278
2018-05-21,4.661873
2018-05-22,4.656503
2018-05-23,4.554457
2018-05-24,4.479265
2018-05-25,4.328882
2018-05-29,4.071083
2018-05-30,4.173129
2018-05-31,4.103308
2018-06-01,4.119421
2018-06-04,4.124791
2018-06-05,4.092566
2018-06-06,4.087195
2018-06-07,4.157016
2018-06-08,4.140904
2018-06-11,4.162387
2018-06-12,4.146275
2018-06-13,4.167758
2018-06-14,4.210724
2018-06-15,4.076455
2018-06-18,4.081825
2018-06-19,4.017375
2018-06-20,4.071083
2018-06-21,3.995891
2018-06-22,4.097938
2018-06-25,3.99052
2018-06-26,4.065713
2018-06-27,4.119421
2018-06-28,4.146275
2018-06-29,4.162387
2018-07-02,4.205353
2018-07-03,4.140904
2018-07-05,4.167758
2018-07-06,4.119421
2018-07-09,4.237578
2018-07-10,4.312769
2018-07-11,4.189241
2018-07-12,4.264432
2018-07-13,4.307399
2018-07-16,4.173129
2018-07-17,4.237578
2018-07-18,4.253691
2018-07-19,4.24832
2018-07-20,4.162387
2018-07-23,4.151645
2018-07-24,4.18387
2018-07-25,4.140904
2018-07-26,4.242949
2018-07-27,4.199983
2018-07-30,4.108679
2018-07-31,4.092566
2018-08-01,4.05497
2018-08-02,4.119421
2018-08-03,4.065713
2018-08-06,4.124791
2018-08-07,4.173129
2018-08-08,4.124791
2018-08-09,4.124791
2018-08-10,4.114049
2018-08-13,4.135533
2018-08-14,4.199983
2018-08-15,4.146275
2018-08-16,4.194612
2018-08-17,4.167758
2018-08-20,4.124791
2018-08-21,4.065713
2018-08-22,4.087195
2018-08-23,4.18387
2018-08-24,4.135533
2018-08-27,4.108679
2018-08-28,4.18387
2018-08-29,4.253691
2018-08-30,4.232207
2018-08-31,4.232207
2018-09-04,4.339624
2018-09-05,4.173129
2018-09-06,4.060341
2018-09-07,4.173129
2018-09-10,4.162387
2018-09-11,4.312769
2018-09-12,4.226837
2018-09-13,4.178499
2018-09-14,4.291286
2018-09-17,4.237578
2018-09-18,4.312769
2018-09-19,4.291286
2018-09-20,4.226837
2018-09-21,4.216095
2018-09-24,4.264432
2018-09-25,4.280545
2018-09-26,4.253691
2018-09-27,4.339624
2018-09-28,4.355737
2018-10-01,4.452411
2018-10-02,4.37722
2018-10-03,4.586682
2018-10-04,4.490007
2018-10-05,4.452411
2018-10-08,4.414816
2018-10-09,4.420187
2018-10-10,4.253691
2018-10-11,3.872363
2018-10-12,3.866992
2018-10-15,3.850879
2018-10-16,3.888475
2018-10-17,3.909958
2018-10-18,3.915329
2018-10-19,3.969038
2018-10-22,3.969038
2018-10-23,3.845509
2018-10-24,3.775688
2018-10-25,3.824025
2018-10-26,3.732722
2018-10-29,3.738092
2018-10-30,3.7918
2018-10-31,3.840138
2018-11-01,3.625305
2018-11-02,3.679012
2018-11-05,3.732722
2018-11-06,3.770317
2018-11-07,3.748834
2018-11-08,3.824025
2018-11-09,3.834767
2018-11-12,3.840138
2018-11-13,3.781059
2018-11-14,3.786429
2018-11-15,3.716386
2018-11-16,3.583244
2018-11-19,3.560089
2018-11-20,3.635343
2018-11-21,3.594821
2018-11-23,3.629554
2018-11-26,3.641131
2018-11-27,3.658497
2018-11-28,3.5543
2018-11-29,3.583244
2018-11-30,3.612188
2018-12-03,3.502201
2018-12-04,3.513779
2018-12-06,3.658497
2018-12-07,3.565878
2018-12-10,3.675864
2018-12-11,3.664287
2018-12-12,3.571666
2018-12-13,3.565878
2018-12-14,3.641131
2018-12-17,3.629554
2018-12-18,3.69323
2018-12-19,3.687442
2018-12-20,3.710597
2018-12-21,3.774273
2018-12-24,3.774273
2018-12-26,3.635343
2018-12-27,3.79164
2018-12-28,3.762696
2018-12-31,3.756907
2019-01-02,3.832161
2019-01-03,3.826372
2019-01-04,3.733751
2019-01-07,3.675864
2019-01-08,3.629554
2019-01-09,3.571666
2019-01-10,3.612188
2019-01-11,3.617977
2019-01-14,3.658497
2019-01-15,3.681653
2019-01-16,3.658497
2019-01-17,3.635343
2019-01-18,3.577455
2019-01-22,3.617977
2019-01-23,3.612188
2019-01-24,3.658497
2019-01-25,3.594821
2019-01-28,3.635343
2019-01-29,3.652709
2019-01-30,3.606399
2019-01-31,3.635343
2019-02-01,3.623765
2019-02-04,3.589032
2019-02-05,3.612188
2019-02-06,3.641131
2019-02-07,3.751118
2019-02-08,3.814795
2019-02-11,3.826372
2019-02-12,3.745329
2019-02-13,3.733751
2019-02-14,3.780062
2019-02-15,3.751118
2019-02-19,3.774273
2019-02-20,3.797428
2019-02-21,3.745329
2019-02-22,3.79164
2019-02-25,3.809005
2019-02-26,3.780062
2019-02-27,3.712198
2019-02-28,3.700598
2019-03-01,3.677396
2019-03-04,3.677396
2019-03-05,3.671596
2019-03-06,3.787602
2019-03-07,3.950011
2019-03-08,3.915209
2019-03-11,3.93261
2019-03-12,3.880407
2019-03-13,3.851405
2019-03-14,3.839805
2019-03-15,3.805003
2019-03-18,3.822405
2019-03-19,3.816604
2019-03-20,3.793402
2019-03-21,3.897808
2019-03-22,3.973212
2019-03-25,3.961612
2019-03-26,3.93261
2019-03-27,4.048616
2019-03-28,4.089218
2019-03-29,4.100819
2019-04-01,4.037015
2019-04-02,4.066017
2019-04-03,3.950011
2019-04-04,3.955811
2019-04-05,3.950011
2019-04-08,3.955811
2019-04-09,3.955811
2019-04-10,3.984813
2019-04-11,3.990613
2019-04-12,3.909409
2019-04-15,3.886208
2019-04-16,3.93261
2019-04-17,3.93261
2019-04-18,4.002213
2019-04-22,3.990613
2019-04-23,4.048616
2019-04-24,4.216825
2019-04-25,4.135622
2019-04-26,4.193624
2019-04-29,4.193624
2019-04-30,4.170423
2019-05-01,4.170423
2019-05-02,4.106619
2019-05-03,4.12982
2019-05-06,4.182023
2019-05-07,4.182023
2019-05-08,4.205225
2019-05-09,4.251626
2019-05-10,4.315431
2019-05-13,4.298029
2019-05-14,4.193624
2019-05-15,4.245827
2019-05-16,4.216825
2019-05-17,4.298029
2019-05-20,4.158822
2019-05-21,4.176223
2019-05-22,4.234226
2019-05-23,4.332831
2019-05-24,4.257427
2019-05-28,4.205225
2019-05-29,4.211025
2019-05-30,4.169765
2019-05-31,4.213525
2019-06-03,4.182268
2019-06-04,4.188519
2019-06-05,4.294796
2019-06-06,4.269789
2019-06-07,4.282292
2019-06-10,4.31355
2019-06-11,4.307298
2019-06-12,4.35731
2019-06-13,4.382317
2019-06-14,4.43858
2019-06-17,4.419826
2019-06-18,4.501096
2019-06-19,4.48234
2019-06-20,4.501096
2019-06-21,4.444832
2019-06-24,4.463586
2019-06-25,4.469838
2019-06-26,4.413574
2019-06-27,4.413574
2019-06-28,4.401071
2019-07-01,4.413574
2019-07-02,4.507347
2019-07-03,4.557359
2019-07-05,4.501096
2019-07-08,4.51985
2019-07-09,4.494844
2019-07-10,4.432329
2019-07-11,4.401071
2019-07-12,4.369813
2019-07-15,4.39482
2019-07-16,4.432329
2019-07-17,4.48234
2019-07-18,4.538605
2019-07-19,4.526102
2019-07-22,4.551107
2019-07-23,4.557359
2019-07-24,4.582365
2019-07-25,4.569862
2019-07-26,4.569862
2019-07-29,4.626126
2019-07-30,4.626126
2019-07-31,4.607372
2019-08-01,4.72615
2019-08-02,4.788665
2019-08-05,4.832426
2019-08-06,4.819923
2019-08-07,4.957457
2019-08-08,4.919948
2019-08-09,4.938702
2019-08-12,4.982462
2019-08-13,4.951205
2019-08-14,4.976211
2019-08-15,5.038726
2019-08-16,5.013721
2019-08-19,4.994966
2019-08-20,5.007469
2019-08-21,5.007469
2019-08-22,4.938702
2019-08-23,4.982462
2019-08-26,5.013721
2019-08-27,5.032475
2019-08-28,5.051229
2019-08-29,5.066312
2019-08-30,5.10059
2019-09-03,5.155435
2019-09-04,5.045745
2019-09-05,4.860643
2019-09-06,4.881209
2019-09-09,4.757808
2019-09-10,4.648118
2019-09-11,4.668685
2019-09-12,4.545284
2019-09-13,4.387604
2019-09-16,4.305336
2019-09-17,4.380749
2019-09-18,4.435594
2019-09-19,4.456161
2019-09-20,4.483583
2019-09-23,4.545284
2019-09-24,4.545284
2019-09-25,4.531572
2019-09-26,4.56585
2019-09-27,4.572706
2019-09-30,4.531572
2019-10-01,4.511006
2019-10-02,4.511006
2019-10-03,4.586418
2019-10-04,4.627552
2019-10-07,4.627552
2019-10-08,4.627552
2019-10-09,4.572706
2019-10-10,4.517861
2019-10-11,4.353326
2019-10-14,4.367037
2019-10-15,4.339614
2019-10-16,4.353326
2019-10-17,4.305336
2019-10-18,4.23678
2019-10-21,4.216213
2019-10-22,4.243636
2019-10-23,4.291625
2019-10-24,4.360182
2019-10-25,4.339614
2019-10-28,4.264203
2019-10-29,4.23678
2019-10-30,4.23678
2019-10-31,4.257347
2019-11-01,4.277914
2019-11-04,4.298481
2019-11-05,4.188791
2019-11-06,4.216213
2019-11-07,4.209358
2019-11-08,4.195647
2019-11-11,4.216213
2019-11-12,4.223069
2019-11-13,4.209358
2019-11-14,4.23678
2019-11-15,4.305336
2019-11-18,4.312192
2019-11-19,4.332759
2019-11-20,4.291625
2019-11-21,4.264203
2019-11-22,4.298481
2019-11-25,4.353326
2019-11-26,4.415027
2019-11-27,4.449305
2019-11-29,4.380749
2019-12-02,4.216213
2019-12-03,4.12709
2019-12-04,4.154512
2019-12-05,4.161368
2019-12-06,4.264203
2019-12-09,4.257347
2019-12-10,4.229925
2019-12-11,4.264203
2019-12-12,4.264203
2019-12-13,4.353326
2019-12-16,4.421882
2019-12-17,4.428738
2019-12-18,4.39446
2019-12-19,4.39446
2019-12-20,4.423307
2019-12-23,4.423307
2019-12-24,4.437045
2019-12-26,4.478255
2019-12-27,4.505729
2019-12-30,4.382097
2019-12-31,4.327148
2020-01-02,4.45765
2020-01-03,4.491992
2020-01-06,4.464519
2020-01-07,4.491992
2020-01-08,4.45765
2020-01-09,4.526335
2020-01-10,4.519466
2020-01-13,4.519466
2020-01-14,4.574414
2020-01-15,4.59502
2020-01-16,4.670573
2020-01-17,4.732389
2020-01-21,4.718652
2020-01-22,4.68431
2020-01-23,4.601888
2020-01-24,4.608757
2020-01-27,4.395833
2020-01-28,4.443913
2020-01-29,4.485124
2020-01-30,4.471387
2020-01-31,4.361491
2020-02-03,4.382097
2020-02-04,4.478255
2020-02-05,4.553809
2020-02-06,4.622493
2020-02-07,4.608757
2020-02-10,4.656836
2020-02-11,4.663704
2020-02-12,4.698047
2020-02-13,4.670573
2020-02-14,4.677442
2020-02-18,4.663704
2020-02-19,4.759863
2020-02-20,4.780469
2020-02-21,4.718652
2020-02-24,4.498861
2020-02-25,4.299675
2020-02-26,4.251595
2020-02-27,4.148568
2020-02-28,4.100488
2020-03-02,4.066146
2020-03-03,4.04554
2020-03-04,4.052409
2020-03-05,4.086751
2020-03-06,4.196647
2020-03-09,4.36836
2020-03-10,4.279069
2020-03-11,4.306543
2020-03-12,4.334017
2020-03-13,4.347754
2020-03-16,4.423307
2020-03-17,4.409571
2020-03-18,4.423307
2020-03-19,4.388965
2020-03-20,4.450782
2020-03-23,4.478255
2020-03-24,4.409571
2020-03-25,4.375228
2020-03-26,4.388965
2020-03-27,4.388965
2020-03-30,4.437045
2020-03-31,4.416439
2020-04-01,4.491992
2020-04-02,4.471387
2020-04-03,4.471387
2020-04-06,4.437045
2020-04-07,4.36836
2020-04-08,4.375228
2020-04-09,4.395833
2020-04-13,4.395833
2020-04-14,4.416439
2020-04-15,4.478255
2020-04-16,4.491992
2020-04-17,4.45765
2020-04-20,4.478255
2020-04-21,4.588151
2020-04-22,4.54694
2020-04-23,4.526335
2020-04-24,4.54694
2020-04-27,4.54694
2020-04-28,4.540071
2020-04-29,4.491992
2020-04-30,4.450782
2020-05-01,4.45765
2020-05-04,4.478255
2020-05-05,4.430176
2020-05-06,4.450782
2020-05-07,4.464519
2020-05-08,4.423307
2020-05-11,4.437045
2020-05-12,4.437045
2020-05-13,4.491992
2020-05-14,4.491992
2020-05-15,4.464519
2020-05-18,4.361491
2020-05-19,4.354623
2020-05-20,4.347754
2020-05-21,4.375228
2020-05-22,4.402702
2020-05-26,4.306543
2020-05-27,4.32028
2020-05-28,4.285937
2020-05-29,4.313411
2020-06-01,4.279069
2020-06-02,4.230989
2020-06-03,4.155436
2020-06-04,4.114225
2020-06-05,4.024935
2020-06-08,4.031804
2020-06-09,4.052409
2020-06-10,4.086751
2020-06-11,4.134831
2020-06-12,4.148568
2020-06-15,4.1417
2020-06-16,4.121094
2020-06-17,4.121094
2020-06-18,4.134831
2020-06-19,4.114225
2020-06-22,4.121094
2020-06-23,4.127963
2020-06-24,4.169173
2020-06-25,4.196647
2020-06-26,4.224121
2020-06-29,4.196647
2020-06-30,4.148568
2020-07-01,4.100488
2020-07-02,4.107357
2020-07-06,4.100488
2020-07-07,4.100488
2020-07-08,4.100488
2020-07-09,4.114225
2020-07-10,4.121094
2020-07-13,4.127963
2020-07-14,4.1417
2020-07-15,4.121094
2020-07-16,4.107357
2020-07-17,4.100488
2020-07-20,4.121094
2020-07-21,4.107357
2020-07-22,4.09362
2020-07-23,4.079883
2020-07-24,4.079883
2020-07-27,4.079883
2020-07-28,4.073014
2020-07-29,4.079883
2020-07-30,4.09362
2020-07-31,4.079883
2020-08-03,4.073014
2020-08-04,4.114225
2020-08-05,4.121094
2020-08-06,4.148568
2020-08-07,4.100488
2020-08-10,4.09362
2020-08-11,4.018066
2020-08-12,4.038672
2020-08-13,4.024935
2020-08-14,4.031804
2020-08-17,4.04554
2020-08-18,4.09362
2020-08-19,4.031804
2020-08-20,4.052409
2020-08-21,4.038672
2020-08-24,4.038672
2020-08-25,4.031804
2020-08-26,4.066146
2020-08-27,4.038672
2020-08-28,4.100488
2020-08-31,4.1417
2020-09-01,4.1417
2020-09-02,4.155436
2020-09-03,4.079883
2020-09-04,4.024935
2020-09-08,3.990593
2020-09-09,4.00433
2020-09-10,3.990593
2020-09-11,4.011198
2020-09-14,4.024935
2020-09-15,4.024935
2020-09-16,3.997461
2020-09-17,4.011198
2020-09-18,3.990593
2020-09-21,3.963118
2020-09-22,3.942513
2020-09-23,3.860091
2020-09-24,3.86696
2020-09-25,3.880697
2020-09-28,3.901302
2020-09-29,3.942513
2020-09-30,3.921908
2020-10-01,3.921908
2020-10-02,3.921908
2020-10-05,3.880697
2020-10-06,3.853223
2020-10-07,3.880697
2020-10-08,3.873828
2020-10-09,3.915039
2020-10-12,3.921908
2020-10-13,3.915039
2020-10-14,3.935644
2020-10-15,3.95625
2020-10-16,3.95625
2020-10-19,3.969987
2020-10-20,3.976856
2020-10-21,4.011198
2020-10-22,3.969987
2020-10-23,3.997461
2020-10-26,4.00433
2020-10-27,4.00433
2020-10-28,3.983724
2020-10-29,3.949382
2020-10-30,3.901302
2020-11-02,3.915039
2020-11-03,3.915039
2020-11-04,4.00433
2020-11-05,4.059278
2020-11-06,4.038672
2020-11-09,3.825749
2020-11-10,3.777669
2020-11-11,3.750196
2020-11-12,3.791406
2020-11-13,3.832617
2020-11-16,3.853223
2020-11-17,3.86696
2020-11-18,3.860091
2020-11-19,3.880697
2020-11-20,3.901302
2020-11-23,3.86696
2020-11-24,3.860091
2020-11-25,3.846354
2020-11-27,3.887565
2020-11-30,3.860091
2020-12-01,3.81888
2020-12-02,3.812012
2020-12-03,3.86696
2020-12-04,3.86696
2020-12-07,3.901302
2020-12-08,3.894434
2020-12-09,3.894434
2020-12-10,3.921908
2020-12-11,3.928776
2020-12-14,3.921908
2020-12-15,3.949382
2020-12-16,3.942513
2020-12-17,3.997461
2020-12-18,3.983724
2020-12-21,3.990593
2020-12-22,3.969987
2020-12-23,3.976856
2020-12-24,3.997461
2020-12-28,4.00433
2020-12-29,4.09362
2020-12-30,4.1417
2020-12-31,4.148568
2021-01-04,4.162304
2021-01-05,4.224121
2021-01-06,4.18291
2021-01-07,4.162304
2021-01-08,4.155436
2021-01-11,4.100488
2021-01-12,4.176042
2021-01-13,4.18291
2021-01-14,4.244726
2021-01-15,4.18291
2021-01-19,4.224121
2021-01-20,4.251595
2021-01-21,4.2722
2021-01-22,4.176042
2021-01-25,4.210384
2021-01-26,4.244726
2021-01-27,4.155436
2021-01-28,4.134831
2021-01-29,4.073014
2021-02-01,4.121094
2021-02-02,4.1417
2021-02-03,4.169173
2021-02-04,4.155436
2021-02-05,4.203516
2021-02-08,4.258463
2021-02-09,4.292806
2021-02-10,4.2722
2021-02-11,4.292806
2021-02-12,4.313411
2021-02-16,4.36836
2021-02-17,4.340885
2021-02-18,4.347754
2021-02-19,4.354623
2021-02-22,4.36836
2021-02-23,4.395833
2021-02-24,4.450782
2021-02-25,4.347754
2021-02-26,4.203516
2021-03-01,4.251595
2021-03-02,4.258463
2021-03-03,4.237858
2021-03-04,4.210384
2021-03-05,4.258463
2021-03-08,4.265332
2021-03-09,4.292806
2021-03-10,4.292806
2021-03-11,4.36836
2021-03-12,4.382097
2021-03-15,4.382097
2021-03-16,4.395833
2021-03-17,4.402702
2021-03-18,4.299675
2021-03-19,4.292806
2021-03-22,4.292806
2021-03-23,4.224121
2021-03-24,4.230989
2021-03-25,4.176042
2021-03-26,4.244726
2021-03-29,4.237858
2021-03-30,4.230989
2021-03-31,4.279069
2021-04-01,4.292806
2021-04-05,4.327148
2021-04-06,4.334017
2021-04-07,4.327148
2021-04-08,4.36836
2021-04-09,4.36836
2021-04-12,4.340885
2021-04-13,4.354623
2021-04-14,4.423307
2021-04-15,4.437045
2021-04-16,4.464519
2021-04-19,4.471387
2021-04-20,4.423307
2021-04-21,4.45765
2021-04-22,4.485124
2021-04-23,4.526335
2021-04-26,4.574414
2021-04-27,4.574414
2021-04-28,4.601888
2021-04-29,4.615625
2021-04-30,4.588151
2021-05-03,4.615625
2021-05-04,4.601888
2021-05-05,4.663704
2021-05-06,4.704915
2021-05-07,4.773601
2021-05-10,4.752995
2021-05-11,4.732389
2021-05-12,4.711784
2021-05-13,4.608757
2021-05-14,4.656836
2021-05-17,4.677442
2021-05-18,4.691178
2021-05-19,4.567546
2021-05-20,4.59502
2021-05-21,4.59502
2021-05-24,4.643099
2021-05-25,4.63623
2021-05-26,4.615625
2021-05-27,4.691178
2021-05-28,4.698047
2021-06-01,4.752995
2021-06-02,4.780469
2021-06-03,4.732389
2021-06-04,4.794206
2021-06-07,4.801075
2021-06-08,4.801075
2021-06-09,4.773601
2021-06-10,4.794206
2021-06-11,4.746126
2021-06-14,4.711784
2021-06-15,4.68431
2021-06-16,4.601888
2021-06-17,4.375228
2021-06-18,4.340885
2021-06-21,4.402702
2021-06-22,4.443913
2021-06-23,4.45765
2021-06-24,4.471387
2021-06-25,4.485124
2021-06-28,4.464519
2021-06-29,4.464519
2021-06-30,4.478255
2021-07-01,4.491992
2021-07-02,4.533203
2021-07-06,4.382097
2021-07-07,4.36836
2021-07-08,4.32028
2021-07-09,4.416439
2021-07-12,4.443913
2021-07-13,4.471387
2021-07-14,4.45765
2021-07-15,4.409571
2021-07-16,4.395833
2021-07-19,4.1417
2021-07-20,4.196647
2021-07-21,4.292806
2021-07-22,4.327148
2021-07-23,4.354623
2021-07-26,4.36836
2021-07-27,4.340885
2021-07-28,4.347754
2021-07-29,4.409571
2021-07-30,4.347754
2021-08-02,4.340885
2021-08-03,4.334017
2021-08-04,4.306543
2021-08-05,4.340885
2021-08-06,4.334017
2021-08-09,4.2722
2021-08-10,4.334017
2021-08-11,4.375228
2021-08-12,4.409571
2021-08-13,4.416439
2021-08-16,4.36836
2021-08-17,4.306543
2021-08-18,4.2722
2021-08-19,4.148568
2021-08-20,4.121094
2021-08-23,4.217253
2021-08-24,4.265332
2021-08-25,4.299675
2021-08-26,4.258463
2021-08-27,4.306543
2021-08-30,4.334017
2021-08-31,4.313411
2021-09-01,4.306543
2021-09-02,4.347754
2021-09-03,4.354623
2021-09-07,4.334017
2021-09-08,4.313411
2021-09-09,4.251595
2021-09-10,4.265332
2021-09-13,4.292806
2021-09-14,4.285937
2021-09-15,4.354623
2021-09-16,4.347754
2021-09-17,4.285937
2021-09-20,4.107357
2021-09-21,4.114225
2021-09-22,4.196647
2021-09-23,4.313411
2021-09-24,4.340885
2021-09-27,4.395833
2021-09-28,4.327148
2021-09-29,4.327148
2021-09-30,4.347754
2021-10-01,4.327148
2021-10-04,4.327148
2021-10-05,4.430176
2021-10-06,4.361491
2021-10-07,4.437045
2021-10-08,4.471387
2021-10-11,4.519466
2021-10-12,4.491992
2021-10-13,4.485124
2021-10-14,4.54694
2021-10-15,4.629362
2021-10-18,4.643099
2021-10-19,4.670573
2021-10-20,4.698047
2021-10-21,4.656836
2021-10-22,4.68431
2021-10-25,4.704915
2021-10-26,4.739258
2021-10-27,4.656836
2021-10-28,4.677442
2021-10-29,4.725521
2021-11-01,4.787337
2021-11-02,4.725521
2021-11-03,4.670573
2021-11-04,4.59502
2021-11-05,4.601888
2021-11-08,4.629362
2021-11-09,4.629362
2021-11-10,4.649967
2021-11-11,4.698047
2021-11-12,4.677442
2021-11-15,4.691178
2021-11-16,4.746126
2021-11-17,4.677442
2021-11-18,4.643099
2021-11-19,4.560677
2021-11-22,4.622493
2021-11-23,4.68431
2021-11-24,4.704915
2021-11-26,4.1417
2021-11-29,4.189778
2021-11-30,3.997461
2021-12-01,4.00433
2021-12-02,4.038672
2021-12-03,3.997461
2021-12-06,4.1417
2021-12-07,4.258463
2021-12-08,4.244726
2021-12-09,4.210384
2021-12-10,4.189778
2021-12-13,4.1417
2021-12-14,4.127963
2021-12-15,4.155436
2021-12-16,4.148568
2021-12-17,4.107357
2021-12-20,3.997461
2021-12-21,4.134831
2021-12-22,4.18291
2021-12-23,4.237858
2021-12-27,4.321477
2021-12-28,4.307424
2021-12-29,4.33553
2021-12-30,4.307424
2021-12-31,4.237156
2022-01-03,4.33553
2022-01-04,4.433906
2022-01-05,4.454986
2022-01-06,4.433906
2022-01-07,4.405798
2022-01-10,4.384718
2022-01-11,4.454986
2022-01-12,4.462013
2022-01-13,4.384718
2022-01-14,4.447959
2022-01-18,4.5112
2022-01-19,4.539308
2022-01-20,4.546334
2022-01-21,4.398772
2022-01-24,4.272289
2022-01-25,4.349584
2022-01-26,4.476067
2022-01-27,4.546334
2022-01-28,4.581468
2022-01-31,4.616602
2022-02-01,4.672817
2022-02-02,4.679843
2022-02-03,4.771192
2022-02-04,4.855513
2022-02-07,4.869567
2022-02-08,4.869567
2022-02-09,4.918754
2022-02-10,4.960915
2022-02-11,4.974968
2022-02-14,5.003076
2022-02-15,4.974968
2022-02-16,4.981996
2022-02-17,4.918754
2022-02-18,4.904701
2022-02-22,5.003076
2022-02-23,5.038209
2022-02-24,5.038209
2022-02-25,4.932808
2022-02-28,4.953888
2022-03-01,5.052263
2022-03-02,5.220906
2022-03-03,5.241987
2022-03-04,5.326308
2022-03-07,5.396576
2022-03-08,5.501978
2022-03-09,5.368469
2022-03-10,5.368469
2022-03-11,5.43171
2022-03-14,5.417656
2022-03-15,5.375496
2022-03-16,5.368469
2022-03-17,5.417656
2022-03-18,5.396576
2022-03-21,5.523058
2022-03-22,5.593326
2022-03-23,5.635488
2022-03-24,5.656567
2022-03-25,5.747916
2022-03-28,5.726835
2022-03-29,5.67062
2022-03-30,5.705755
2022-03-31,5.62846
2022-04-01,5.649541
2022-04-04,5.684675
2022-04-05,5.761969
2022-04-06,5.747916
2022-04-07,5.754942
2022-04-08,5.832237
2022-04-11,5.867372
2022-04-12,5.881425
2022-04-13,5.895478
2022-04-14,5.958719
2022-04-18,6.050067
2022-04-19,6.050067
2022-04-20,6.02196
2022-04-21,6.071148
2022-04-22,6.064121
2022-04-25,5.958719
2022-04-26,5.951693
2022-04-27,6.014934
2022-04-28,6.106282
2022-04-29,6.092228
2022-05-02,6.148443
2022-05-03,6.148443
2022-05-04,6.141416
2022-05-05,6.232764
2022-05-06,6.225737
2022-05-09,6.120336
2022-05-10,6.092228
2022-05-11,6.106282
2022-05-12,6.092228
2022-05-13,6.127362
2022-05-16,6.134389
2022-05-17,6.169523
2022-05-18,6.113309
2022-05-19,6.036015
2022-05-20,6.00088
2022-05-23,6.014934
2022-05-24,5.930612
2022-05-25,5.923586
2022-05-26,5.944666
2022-05-27,5.944666
2022-05-31,6.007907
2022-06-01,6.085201
2022-06-02,6.099256
2022-06-03,6.134389
2022-06-06,6.211684
2022-06-07,6.19763
2022-06-08,6.225737
2022-06-09,6.288979
2022-06-10,6.380327
2022-06-13,6.492755
2022-06-14,6.527889
2022-06-15,6.464648
2022-06-16,6.408434
2022-06-17,6.380327
2022-06-21,6.380327
2022-06-22,6.303032
2022-06-23,6.19763
2022-06-24,6.204657
2022-06-27,6.232764
2022-06-28,6.267899
2022-06-29,6.218711
2022-06-30,6.113309
2022-07-01,6.057094
2022-07-05,6.00088
2022-07-06,5.9798
2022-07-07,6.071148
2022-07-08,6.120336
2022-07-11,6.092228
2022-07-12,6.00088
2022-07-13,6.036015
2022-07-14,6.113309
2022-07-15,6.064121
2022-07-18,6.078175
2022-07-19,6.092228
2022-07-20,6.099256
2022-07-21,6.028987
2022-07-22,5.895478
2022-07-25,5.916559
2022-07-26,5.916559
2022-07-27,5.888452
2022-07-28,5.768996
2022-07-29,5.768996
2022-08-01,5.656567
2022-08-02,5.726835
2022-08-03,5.797103
2022-08-04,5.726835
2022-08-05,5.860344
2022-08-08,5.811157
2022-08-09,5.860344
2022-08-10,5.768996
2022-08-11,5.860344
2022-08-12,5.930612
2022-08-15,5.888452
2022-08-16,5.930612
2022-08-17,6.071148
2022-08-18,6.15547
2022-08-19,6.253844
2022-08-22,6.387354
2022-08-23,6.380327
2022-08-24,6.485728
2022-08-25,6.429514
2022-08-26,6.471675
2022-08-29,6.513836
2022-08-30,6.500869
2022-08-31,6.492224
2022-09-01,6.535448
2022-09-02,6.46629
2022-09-06,6.552737
2022-09-07,6.483579
2022-09-08,6.526803
2022-09-09,6.518158
2022-09-12,6.509514
2022-09-13,6.613251
2022-09-14,6.604606
2022-09-15,6.621895
2022-09-16,6.63054
2022-09-19,6.665119
2022-09-20,6.725633
2022-09-21,6.734278
2022-09-22,6.84666
2022-09-23,6.950397
2022-09-26,7.019555
2022-09-27,7.045489
2022-09-28,6.950397
2022-09-29,6.950397
2022-09-30,6.933108
2022-10-03,6.84666
2022-10-04,6.777502
2022-10-05,6.84666
2022-10-06,6.941752
2022-10-07,7.01091
2022-10-10,7.054134
2022-10-11,7.0282
2022-10-12,7.036845
2022-10-13,7.045489
2022-10-14,7.088713
2022-10-17,7.0282
2022-10-18,7.01091
2022-10-19,7.071424
2022-10-20,7.106003
2022-10-21,7.062779
2022-10-24,7.054134
2022-10-25,6.984976
2022-10-26,6.924463
2022-10-27,6.863949
2022-10-28,6.941752
2022-10-31,6.984976
2022-11-01,6.959042
2022-11-02,6.993621
2022-11-03,7.106003
2022-11-04,7.036845
2022-11-07,7.036845
2022-11-08,6.967687
2022-11-09,6.924463
2022-11-10,6.578672
2022-11-11,6.561382
2022-11-14,6.587317
2022-11-15,6.561382
2022-11-16,6.509514
2022-11-17,6.526803
2022-11-18,6.535448
2022-11-21,6.544093
2022-11-22,6.535448
2022-11-23,6.474934
2022-11-25,6.492224
2022-11-28,6.518158
2022-11-29,6.500869
2022-11-30,6.414421
2022-12-01,6.215591
2022-12-02,6.181012
2022-12-05,6.206946
2022-12-06,6.137788
2022-12-07,6.077275
2022-12-08,6.094564
2022-12-09,6.163723
2022-12-12,6.111854
2022-12-13,6.077275
2022-12-14,6.111854
2022-12-15,6.241525
2022-12-16,6.302039
2022-12-19,6.319328
2022-12-20,6.379842
2022-12-21,6.388486
2022-12-22,6.449
2022-12-23,6.54
2022-12-27,6.64
2022-12-28,6.68
2022-12-29,6.64
2022-12-30,6.69
2023-01-03,6.61
2023-01-04,6.49
2023-01-05,6.57
2023-01-06,6.43
2023-01-09,6.35
2023-01-10,6.45
2023-01-11,6.42
2023-01-12,6.36
2023-01-13,6.39
2023-01-17,6.36
2023-01-18,6.2
2023-01-19,6.18
2023-01-20,6.14
2023-01-23,6.16
2023-01-24,6.07
2023-01-25,6.03
2023-01-26,6.08
2023-01-27,6.09
2023-01-30,6.24
2023-01-31,6.11
2023-02-01,6.07
2023-02-02,5.95
2023-02-03,6.11
2023-02-06,6.13
2023-02-07,6.14
2023-02-08,6.2
2023-02-09,6.3
2023-02-10,6.29
2023-02-13,6.32
2023-02-14,6.4
2023-02-15,6.48
2023-02-16,6.56
2023-02-17,6.52
2023-02-21,6.56
2023-02-22,6.55
2023-02-23,6.59
2023-02-24,6.7
2023-02-27,6.78
2023-02-28,6.8
2023-03-01,6.87
2023-03-02,6.97
2023-03-03,7.03
2023-03-06,7.11
2023-03-07,7.14
2023-03-08,7.18
2023-03-09,7.15
2023-03-10,6.61
2023-03-13,5.89
2023-03-14,5.99
2023-03-15,5.74
2023-03-16,5.82
2023-03-17,5.69
2023-03-20,5.71
2023-03-21,5.87
2023-03-22,5.85
2023-03-23,5.8
2023-03-24,5.68
2023-03-27,5.68
2023-03-28,5.68
2023-03-29,5.74
2023-03-30,5.83
2023-03-31,5.83
2023-04-03,5.74
2023-04-04,5.78
2023-04-05,5.73
2023-04-06,5.8
2023-04-10,5.83
2023-04-11,5.96
2023-04-12,5.98
2023-04-13,6.02
2023-04-14,6.0
2023-04-17,5.99
2023-04-18,5.99
2023-04-19,6.04
2023-04-20,6.15
2023-04-21,6.2
2023-04-24,6.24
2023-04-25,6.23
2023-04-26,6.21
2023-04-27,6.41
2023-04-28,6.32
2023-05-01,6.39
2023-05-02,6.3
2023-05-03,6.23
2023-05-04,6.14
2023-05-05,6.23
2023-05-08,6.24
2023-05-09,6.31
2023-05-10,6.33
2023-05-11,6.34
2023-05-12,6.4
2023-05-15,6.37
2023-05-16,6.41
2023-05-17,6.44
2023-05-18,6.56
2023-05-19,6.7
2023-05-22,6.71
2023-05-23,6.62
2023-05-24,6.54
2023-05-25,6.64
2023-05-26,6.74
2023-05-30,6.78
2023-05-31,6.58
2023-06-01,6.64
2023-06-02,6.73
2023-06-05,6.79
2023-06-06,6.82
2023-06-07,6.78
2023-06-08,6.76
2023-06-09,6.79
2023-06-12,6.92
2023-06-13,6.98
2023-06-14,7.04
2023-06-15,6.97
2023-06-16,7.0
2023-06-20,6.9
2023-06-21,6.86
2023-06-22,6.91
2023-06-23,6.76
2023-06-26,6.72
2023-06-27,6.84
2023-06-28,6.9
2023-06-29,6.96
2023-06-30,7.06
2023-07-03,7.15
2023-07-05,7.11
2023-07-06,7.08
2023-07-07,7.04
2023-07-10,7.01
2023-07-11,7.02
2023-07-12,6.94
2023-07-13,6.88
2023-07-14,6.95
2023-07-17,6.94
2023-07-18,6.9
2023-07-19,6.88
2023-07-20,6.89
2023-07-21,6.89
2023-07-24,6.86
2023-07-25,6.88
2023-07-26,6.93
2023-07-27,6.98
2023-07-28,7.0
2023-07-31,6.99
2023-08-01,7.0
2023-08-02,6.81
2023-08-03,6.76
2023-08-04,6.79
2023-08-07,6.75
2023-08-08,6.61
2023-08-09,6.62
2023-08-10,6.74
2023-08-11,6.81
2023-08-14,6.87
2023-08-15,6.86
2023-08-16,6.82
2023-08-17,6.83
2023-08-18,6.72
2023-08-21,6.81
2023-08-22,6.81
2023-08-23,6.76
2023-08-24,6.67
2023-08-25,6.8
2023-08-28,6.86
2023-08-29,6.91
2023-08-30,6.89
2023-08-31,6.83
2023-09-01,6.87
2023-09-05,7.0
2023-09-06,7.01
2023-09-07,6.95
2023-09-08,6.98
2023-09-11,7.08
2023-09-12,7.11
2023-09-13,7.06
2023-09-14,7.18
2023-09-15,7.22
2023-09-18,7.19
2023-09-19,7.2
2023-09-20,7.13
2023-09-21,7.12
2023-09-22,7.08
2023-09-25,7.0
2023-09-26,6.95
2023-09-27,7.05
2023-09-28,7.11
2023-09-29,7.02
2023-10-02,7.0
2023-10-03,6.9
2023-10-04,6.72
2023-10-05,6.55
2023-10-06,6.65
2023-10-09,6.51
2023-10-10,6.58
2023-10-11,6.55
2023-10-12,6.59
2023-10-13,6.59
2023-10-16,6.64
2023-10-17,6.78
2023-10-18,6.83
2023-10-19,6.82
2023-10-20,6.67
2023-10-23,6.61
2023-10-24,6.57
2023-10-25,6.69
2023-10-26,6.58
2023-10-27,6.57
2023-10-30,5.89
2023-10-31,5.98
2023-11-01,5.97
2023-11-02,5.85
2023-11-03,5.64
2023-11-06,5.7
2023-11-07,5.68
2023-11-08,5.59
2023-11-09,5.7
2023-11-10,5.84
2023-11-13,5.84
2023-11-14,5.59
2023-11-15,5.54
2023-11-16,5.54
2023-11-17,5.54
2023-11-20,5.56
2023-11-21,5.51
2023-11-22,5.56
2023-11-24,5.64
2023-11-27,5.57
2023-11-28,5.47
2023-11-29,5.37
2023-11-30,5.31
2023-12-01,5.27
