DATETIME,CARRY,CARRY_CONTRACT,PRICE,PRICE_CONTRACT,FORWARD,FORWARD_CONTRACT
2022-03-21 23:00:00,7249.0,20220500,7269.0,20220400,7249.0,20220500
2022-03-28 23:00:00,7389.0,20220500,7410.0,20220400,7389.0,20220500
2022-04-04 23:00:00,7486.0,20220500,7507.0,20220400,7486.0,20220500
2022-04-11 23:00:00,7470.0,20220500,7491.0,20220400,7470.0,20220500
2022-04-15 23:00:00,7535.0,20220500,7565.0,20220400,7535.0,20220500
2022-04-19 23:00:00,7534.0,20220600,7535.0,20220500,7534.0,20220600
2022-04-20 23:00:00,7540.0,20220600,,20220500,7540.0,20220600
2022-04-21 23:00:00,7563.0,20220600,,20220500,7563.0,20220600
2022-04-22 23:00:00,7447.0,20220600,,20220500,7447.0,20220600
2022-04-23 23:00:00,7327.0,20220600,,20220500,7327.0,20220600
2022-04-26 23:00:00,7276.0,20220600,,20220500,7276.0,20220600
2022-04-27 23:00:00,7232.0,20220600,,20220500,7232.0,20220600
2022-04-28 23:00:00,7333.0,20220600,,20220500,7333.0,20220600
2022-04-29 23:00:00,7409.0,20220600,,20220500,7409.0,20220600
2022-04-30 23:00:00,7315.0,20220600,,20220500,7315.0,20220600
2022-05-02 23:00:00,7324.0,20220600,7325.0,20220500,7324.0,20220600
2022-05-03 23:00:00,7284.0,20220600,,20220500,7284.0,20220600
2022-05-04 23:00:00,7271.0,20220600,,20220500,7271.0,20220600
2022-05-05 23:00:00,7325.0,20220600,,20220500,7325.0,20220600
2022-05-06 23:00:00,7157.0,20220600,,20220500,7157.0,20220600
2022-05-07 23:00:00,7107.0,20220600,,20220500,7107.0,20220600
2022-05-09 23:00:00,7101.0,20220600,,20220500,7101.0,20220600
2022-05-10 23:00:00,7024.0,20220600,,20220500,7024.0,20220600
2022-05-11 23:00:00,7044.0,20220600,,20220500,7044.0,20220600
2022-05-12 23:00:00,6915.0,20220600,,20220500,6915.0,20220600
2022-05-13 23:00:00,7057.0,20220600,,20220500,7057.0,20220600
2022-05-14 23:00:00,7110.0,20220600,,20220500,7110.0,20220600
2022-05-16 23:00:00,7077.0,20220600,7080.0,20220500,7077.0,20220600
2022-05-17 23:00:00,,20220700,7110.0,20220600,,20220700
2022-05-18 23:00:00,,20220700,7172.0,20220600,,20220700
2022-05-19 23:00:00,,20220700,7059.0,20220600,,20220700
2022-05-20 23:00:00,,20220700,7145.0,20220600,,20220700
2022-05-21 23:00:00,,20220700,7129.0,20220600,,20220700
2022-05-23 23:00:00,7153.0,20220700,7153.0,20220600,7153.0,20220700
2022-05-24 23:00:00,,20220700,7120.0,20220600,,20220700
2022-05-25 23:00:00,,20220700,7143.0,20220600,,20220700
2022-05-26 23:00:00,,20220700,7106.0,20220600,,20220700
2022-05-27 23:00:00,,20220700,7189.0,20220600,,20220700
2022-05-28 23:00:00,,20220700,7271.0,20220600,,20220700
2022-05-30 23:00:00,7295.0,20220700,7295.0,20220600,7295.0,20220700
2022-05-31 23:00:00,,20220700,7212.0,20220600,,20220700
2022-06-01 23:00:00,,20220700,7235.0,20220600,,20220700
2022-06-02 23:00:00,,20220700,7170.0,20220600,,20220700
2022-06-03 23:00:00,,20220700,7243.0,20220600,,20220700
2022-06-04 23:00:00,,20220700,7210.0,20220600,,20220700
2022-06-06 23:00:00,7212.0,20220700,7212.0,20220600,7212.0,20220700
2022-06-20 23:00:00,6434.0,20220800,6451.0,20220700,6434.0,20220800
2022-06-27 23:00:00,6685.0,20220800,6702.0,20220700,6685.0,20220800
2022-07-04 23:00:00,6620.0,20220800,6637.0,20220700,6620.0,20220800
2022-07-11 23:00:00,6585.0,20220800,6602.0,20220700,6585.0,20220800
2022-07-12 23:00:00,6505.0,20220900,,20220800,6505.0,20220900
2022-07-13 23:00:00,6520.0,20220900,,20220800,6520.0,20220900
2022-07-14 23:00:00,6543.0,20220900,,20220800,6543.0,20220900
2022-07-15 23:00:00,6503.0,20220900,,20220800,6503.0,20220900
2022-07-16 23:00:00,6559.0,20220900,,20220800,6559.0,20220900
2022-07-18 23:00:00,6581.0,20220900,6665.0,20220800,6581.0,20220900
2022-07-19 23:00:00,6547.0,20220900,,20220800,6547.0,20220900
2022-07-20 23:00:00,6669.0,20220900,,20220800,6669.0,20220900
2022-07-21 23:00:00,6679.0,20220900,,20220800,6679.0,20220900
2022-07-22 23:00:00,6697.0,20220900,,20220800,6697.0,20220900
2022-07-23 23:00:00,6685.0,20220900,,20220800,6685.0,20220900
2022-07-25 23:00:00,6685.0,20220900,6776.0,20220800,6685.0,20220900
2022-07-26 23:00:00,6710.0,20220900,,20220800,6710.0,20220900
2022-07-27 23:00:00,6722.0,20220900,,20220800,6722.0,20220900
2022-07-28 23:00:00,6791.0,20220900,,20220800,6791.0,20220900
2022-07-29 23:00:00,6858.0,20220900,,20220800,6858.0,20220900
2022-07-30 23:00:00,6906.0,20220900,,20220800,6906.0,20220900
2022-08-01 23:00:00,6901.0,20220900,6981.0,20220800,6901.0,20220900
2022-08-02 23:00:00,6907.0,20220900,,20220800,6907.0,20220900
2022-08-03 23:00:00,6880.0,20220900,,20220800,6880.0,20220900
2022-08-04 23:00:00,6885.0,20220900,,20220800,6885.0,20220900
2022-08-05 23:00:00,6913.0,20220900,,20220800,6913.0,20220900
2022-08-06 23:00:00,6907.0,20220900,,20220800,6907.0,20220900
2022-08-08 23:00:00,6923.0,20220900,7008.0,20220800,6923.0,20220900
2022-08-09 23:00:00,6932.0,20220900,,20220800,6932.0,20220900
2022-08-10 23:00:00,6880.0,20220900,,20220800,6880.0,20220900
2022-08-11 23:00:00,6966.0,20220900,,20220800,6966.0,20220900
2022-08-12 23:00:00,6936.0,20220900,,20220800,6936.0,20220900
2022-08-13 23:00:00,6973.0,20220900,,20220800,6973.0,20220900
2022-08-15 23:00:00,6974.0,20220900,7057.0,20220800,6974.0,20220900
2022-08-16 23:00:00,,20221000,7008.0,20220900,,20221000
2022-08-17 23:00:00,,20221000,7032.0,20220900,,20221000
2022-08-18 23:00:00,,20221000,7020.0,20220900,,20221000
2022-08-19 23:00:00,,20221000,7025.0,20220900,,20221000
2022-08-20 23:00:00,,20221000,6994.0,20220900,,20221000
2022-08-22 23:00:00,6962.0,20221000,6953.0,20220900,6962.0,20221000
2022-08-23 23:00:00,,20221000,6864.0,20220900,,20221000
2022-08-24 23:00:00,,20221000,6905.0,20220900,,20221000
2022-08-25 23:00:00,,20221000,6973.0,20220900,,20221000
2022-08-26 23:00:00,,20221000,7025.0,20220900,,20221000
2022-08-27 23:00:00,,20221000,6922.0,20220900,,20221000
2022-08-29 23:00:00,6887.0,20221000,6878.0,20220900,6887.0,20221000
2022-08-30 23:00:00,,20221000,6919.0,20220900,,20221000
2022-08-31 23:00:00,,20221000,6908.0,20220900,,20221000
2022-09-01 23:00:00,,20221000,6796.0,20220900,,20221000
2022-09-02 23:00:00,,20221000,6807.0,20220900,,20221000
2022-09-03 23:00:00,,20221000,6792.0,20220900,,20221000
2022-09-05 23:00:00,6838.0,20221000,6831.0,20220900,6838.0,20221000
2022-09-06 23:00:00,,20221000,6817.0,20220900,,20221000
2022-09-07 23:00:00,,20221000,6724.0,20220900,,20221000
2022-09-08 23:00:00,,20221000,6843.0,20220900,,20221000
2022-09-09 23:00:00,,20221000,6885.0,20220900,,20221000
2022-09-10 23:00:00,,20221000,6964.0,20220900,,20221000
2022-09-12 23:00:00,6963.0,20221000,6957.0,20220900,6963.0,20221000
2022-09-19 23:00:00,6710.0,20221100,6724.0,20221000,6710.0,20221100
2022-09-24 23:00:00,,20221100,6482.0,20221000,,20221100
2022-09-26 23:00:00,6456.0,20221100,6470.0,20221000,6456.0,20221100
2022-10-03 23:00:00,6441.0,20221100,6455.0,20221000,6441.0,20221100
2022-10-05 23:00:00,,20221100,6799.0,20221000,,20221100
2022-10-10 23:00:00,6661.0,20221100,6675.0,20221000,6661.0,20221100
2022-10-17 23:00:00,6653.0,20221100,6667.0,20221000,6653.0,20221100
2022-10-18 23:00:00,6782.0,20221200,,20221100,6782.0,20221200
2022-10-19 23:00:00,6792.0,20221200,,20221100,6792.0,20221200
2022-10-20 23:00:00,6725.0,20221200,,20221100,6725.0,20221200
2022-10-21 23:00:00,6668.0,20221200,,20221100,6668.0,20221200
2022-10-22 23:00:00,6764.0,20221200,,20221100,6764.0,20221200
2022-10-24 23:00:00,6769.0,20221200,6758.0,20221100,6769.0,20221200
2022-10-25 23:00:00,6791.0,20221200,,20221100,6791.0,20221200
2022-10-26 23:00:00,6798.0,20221200,,20221100,6798.0,20221200
2022-10-27 23:00:00,6839.0,20221200,,20221100,6839.0,20221200
2022-10-28 23:00:00,6775.0,20221200,,20221100,6775.0,20221200
2022-10-29 23:00:00,6868.0,20221200,,20221100,6868.0,20221200
2022-10-31 23:00:00,6856.0,20221200,6847.0,20221100,6856.0,20221200
2022-11-01 23:00:00,6972.0,20221200,,20221100,6972.0,20221200
2022-11-02 23:00:00,6988.0,20221200,,20221100,6988.0,20221200
2022-11-03 23:00:00,6856.0,20221200,,20221100,6856.0,20221200
2022-11-04 23:00:00,6884.0,20221200,,20221100,6884.0,20221200
2022-11-05 23:00:00,6976.0,20221200,,20221100,6976.0,20221200
2022-11-07 23:00:00,6936.0,20221200,6926.0,20221100,6936.0,20221200
2022-11-08 23:00:00,6956.0,20221200,,20221100,6956.0,20221200
2022-11-09 23:00:00,6997.0,20221200,,20221100,6997.0,20221200
2022-11-10 23:00:00,6958.0,20221200,,20221100,6958.0,20221200
2022-11-11 23:00:00,7162.0,20221200,,20221100,7162.0,20221200
2022-11-12 23:00:00,7204.0,20221200,,20221100,7204.0,20221200
2022-11-14 23:00:00,7148.0,20221200,7137.0,20221100,7148.0,20221200
2022-11-15 23:00:00,,20230100,7153.0,20221200,,20230100
2022-11-16 23:00:00,,20230100,7130.0,20221200,,20230100
2022-11-17 23:00:00,,20230100,7156.0,20221200,,20230100
2022-11-18 23:00:00,,20230100,7169.0,20221200,,20230100
2022-11-19 23:00:00,,20230100,7192.0,20221200,,20230100
2022-11-21 23:00:00,7148.0,20230100,7148.0,20221200,7148.0,20230100
2022-11-22 23:00:00,,20230100,7192.0,20221200,,20230100
2022-11-23 23:00:00,,20230100,7249.0,20221200,,20230100
2022-11-24 23:00:00,,20230100,7253.0,20221200,,20230100
2022-11-25 23:00:00,,20230100,7271.0,20221200,,20230100
2022-11-26 23:00:00,,20230100,7263.0,20221200,,20230100
2022-11-28 23:00:00,7241.0,20230100,7241.0,20221200,7241.0,20230100
2022-11-29 23:00:00,,20230100,7260.0,20221200,,20230100
2022-11-30 23:00:00,,20230100,7308.0,20221200,,20230100
2022-12-01 23:00:00,,20230100,7365.0,20221200,,20230100
2022-12-02 23:00:00,,20230100,7314.0,20221200,,20230100
2022-12-03 23:00:00,,20230100,7334.0,20221200,,20230100
2022-12-05 23:00:00,7343.0,20230100,7343.0,20221200,7343.0,20230100
2022-12-06 23:00:00,,20230100,7293.0,20221200,,20230100
2022-12-07 23:00:00,,20230100,7245.0,20221200,,20230100
2022-12-08 23:00:00,,20230100,7180.0,20221200,,20230100
2022-12-09 23:00:00,,20230100,7218.0,20221200,,20230100
2022-12-10 23:00:00,,20230100,7183.0,20221200,,20230100
2022-12-12 23:00:00,7193.0,20230100,7184.0,20221200,7193.0,20230100
2022-12-19 23:00:00,7153.0,20230200,7146.0,20230100,7153.0,20230200
2022-12-24 23:00:00,,20230200,7112.0,20230100,,20230200
2022-12-28 23:00:00,7102.0,20230200,7095.0,20230100,7102.0,20230200
2022-12-31 23:00:00,,20230200,7054.0,20230100,,20230200
2023-01-03 23:00:00,6965.0,20230200,6955.0,20230100,6965.0,20230200
2023-01-04 23:00:00,,20230200,6970.0,20230100,,20230200
2023-01-09 23:00:00,7180.0,20230200,7163.0,20230100,7180.0,20230200
2023-01-16 23:00:00,7416.0,20230200,7399.0,20230100,7416.0,20230200
2023-01-17 23:00:00,7326.0,20230300,,20230200,7326.0,20230300
2023-01-18 23:00:00,7339.0,20230300,,20230200,7339.0,20230300
2023-01-19 23:00:00,7386.0,20230300,,20230200,7386.0,20230300
2023-01-20 23:00:00,7393.0,20230300,,20230200,7393.0,20230300
2023-01-21 23:00:00,7428.0,20230300,,20230200,7428.0,20230300
2023-01-23 23:00:00,7401.0,20230300,7473.0,20230200,7401.0,20230300
2023-01-24 23:00:00,7434.0,20230300,,20230200,7434.0,20230300
2023-01-25 23:00:00,7415.0,20230300,,20230200,7415.0,20230300
2023-01-26 23:00:00,7431.0,20230300,,20230200,7431.0,20230300
2023-01-27 23:00:00,7439.0,20230300,,20230200,7439.0,20230300
2023-01-28 23:00:00,7450.0,20230300,,20230200,7450.0,20230300
2023-01-30 23:00:00,7427.0,20230300,7498.0,20230200,7427.0,20230300
2023-01-31 23:00:00,7424.0,20230300,,20230200,7424.0,20230300
2023-02-01 23:00:00,7440.0,20230300,,20230200,7440.0,20230300
2023-02-02 23:00:00,7447.0,20230300,,20230200,7447.0,20230300
2023-02-03 23:00:00,7501.0,20230300,,20230200,7501.0,20230300
2023-02-04 23:00:00,7513.0,20230300,,20230200,7513.0,20230300
2023-02-06 23:00:00,7471.0,20230300,7544.0,20230200,7471.0,20230300
2023-02-07 23:00:00,7429.0,20230300,,20230200,7429.0,20230300
2023-02-08 23:00:00,7459.0,20230300,,20230200,7459.0,20230300
2023-02-09 23:00:00,7417.0,20230300,,20230200,7417.0,20230300
2023-02-10 23:00:00,7356.0,20230300,,20230200,7356.0,20230300
2023-02-11 23:00:00,7357.0,20230300,,20230200,7357.0,20230300
2023-02-13 23:00:00,7350.0,20230300,7425.0,20230200,7350.0,20230300
2023-02-14 23:00:00,,20230400,7359.0,20230300,,20230400
2023-02-15 23:00:00,,20230400,7278.0,20230300,,20230400
2023-02-16 23:00:00,,20230400,7338.0,20230300,,20230400
2023-02-17 23:00:00,,20230400,7275.0,20230300,,20230400
2023-02-18 23:00:00,,20230400,7273.0,20230300,,20230400
2023-02-20 23:00:00,7281.0,20230400,7281.0,20230300,7281.0,20230400
2023-02-21 23:00:00,,20230400,7258.0,20230300,,20230400
2023-02-22 23:00:00,,20230400,7247.0,20230300,,20230400
2023-02-23 23:00:00,,20230400,7221.0,20230300,,20230400
2023-02-24 23:00:00,,20230400,7248.0,20230300,,20230400
2023-02-25 23:00:00,,20230400,7198.0,20230300,,20230400
2023-02-27 23:00:00,7167.0,20230400,7167.0,20230300,7167.0,20230400
2023-02-28 23:00:00,,20230400,7197.0,20230300,,20230400
2023-03-01 23:00:00,,20230400,7205.0,20230300,,20230400
2023-03-02 23:00:00,,20230400,7201.0,20230300,,20230400
2023-03-03 23:00:00,,20230400,7234.0,20230300,,20230400
2023-03-04 23:00:00,,20230400,7298.0,20230300,,20230400
2023-03-06 23:00:00,7299.0,20230400,7291.0,20230300,7299.0,20230400
2023-03-07 23:00:00,,20230400,7331.0,20230300,,20230400
2023-03-08 23:00:00,,20230400,7279.0,20230300,,20230400
2023-03-09 23:00:00,,20230400,7320.0,20230300,,20230400
2023-03-10 23:00:00,,20230400,7149.0,20230300,,20230400
2023-03-11 23:00:00,,20230400,7109.0,20230300,,20230400
2023-03-13 23:00:00,7128.0,20230400,7106.0,20230300,7128.0,20230400
2023-03-20 23:00:00,6909.0,20230500,6918.0,20230400,6909.0,20230500
2023-03-24 23:00:00,,20230500,6980.0,20230400,,20230500
2023-03-27 23:00:00,6975.0,20230500,6987.0,20230400,6975.0,20230500
2023-04-03 23:00:00,7228.0,20230500,7238.0,20230400,7228.0,20230500
2023-04-07 23:00:00,7312.0,20230500,7322.0,20230400,7312.0,20230500
2023-04-11 23:00:00,7312.0,20230500,7322.0,20230400,7312.0,20230500
2023-04-12 23:00:00,7360.0,20230600,,20230500,7360.0,20230600
2023-04-13 23:00:00,7340.0,20230600,,20230500,7340.0,20230600
2023-04-14 23:00:00,7379.0,20230600,,20230500,7379.0,20230600
2023-04-15 23:00:00,7389.0,20230600,,20230500,7389.0,20230600
2023-04-17 23:00:00,7393.0,20230600,7375.0,20230500,7393.0,20230600
2023-04-18 23:00:00,7366.0,20230600,,20230500,7366.0,20230600
2023-04-19 08:10:00,7374.0,20230600,,20230500,7374.0,20230600
2023-04-19 09:00:00,7364.0,20230600,,20230500,7364.0,20230600
2023-04-19 10:00:00,7360.0,20230600,,20230500,7360.0,20230600
2023-04-19 11:00:00,7362.0,20230600,,20230500,7362.0,20230600
2023-04-19 12:00:00,7353.0,20230600,,20230500,7353.0,20230600
2023-04-19 13:00:00,7350.0,20230600,,20230500,7350.0,20230600
2023-04-19 14:00:00,7357.0,20230600,,20230500,7357.0,20230600
2023-04-19 15:00:00,7365.0,20230600,,20230500,7365.0,20230600
2023-04-19 16:00:00,7372.0,20230600,,20230500,7372.0,20230600
2023-04-19 17:00:00,7372.0,20230600,,20230500,7372.0,20230600
2023-04-19 18:00:00,7375.0,20230600,,20230500,7375.0,20230600
2023-04-19 19:00:00,7377.0,20230600,,20230500,7377.0,20230600
2023-04-19 20:00:00,7375.0,20230600,,20230500,7375.0,20230600
2023-04-19 21:00:00,7370.0,20230600,,20230500,7370.0,20230600
2023-04-19 23:00:00,7377.0,20230600,,20230500,7377.0,20230600
2023-04-20 00:50:00,7374.0,20230600,,20230500,7374.0,20230600
2023-04-20 01:00:00,7362.0,20230600,,20230500,7362.0,20230600
2023-04-20 02:00:00,7380.0,20230600,,20230500,7380.0,20230600
2023-04-20 03:00:00,7377.0,20230600,,20230500,7377.0,20230600
2023-04-20 04:00:00,7380.0,20230600,,20230500,7380.0,20230600
2023-04-20 05:00:00,7388.0,20230600,,20230500,7388.0,20230600
2023-04-20 06:00:00,7381.0,20230600,,20230500,7381.0,20230600
2023-04-20 07:00:00,7376.0,20230600,,20230500,7376.0,20230600
2023-04-20 08:10:00,7353.0,20230600,,20230500,7353.0,20230600
2023-04-20 09:00:00,7350.0,20230600,,20230500,7350.0,20230600
2023-04-20 10:00:00,7349.0,20230600,,20230500,7349.0,20230600
2023-04-20 11:00:00,7349.0,20230600,,20230500,7349.0,20230600
2023-04-20 12:00:00,7346.0,20230600,,20230500,7346.0,20230600
2023-04-20 13:00:00,7344.0,20230600,,20230500,7344.0,20230600
2023-04-20 14:00:00,7348.0,20230600,,20230500,7348.0,20230600
2023-04-20 15:00:00,7363.0,20230600,,20230500,7363.0,20230600
2023-04-20 16:00:00,7355.0,20230600,,20230500,7355.0,20230600
2023-04-20 17:00:00,7364.0,20230600,,20230500,7364.0,20230600
2023-04-20 18:00:00,7361.0,20230600,,20230500,7361.0,20230600
2023-04-20 19:00:00,7348.0,20230600,,20230500,7348.0,20230600
2023-04-20 20:00:00,7349.0,20230600,,20230500,7349.0,20230600
2023-04-20 21:00:00,7339.0,20230600,,20230500,7339.0,20230600
2023-04-20 23:00:00,7376.0,20230600,,20230500,7376.0,20230600
2023-04-21 00:50:00,7331.0,20230600,,20230500,7331.0,20230600
2023-04-21 01:00:00,7349.0,20230600,,20230500,7349.0,20230600
2023-04-21 02:00:00,7348.0,20230600,,20230500,7348.0,20230600
2023-04-21 03:00:00,7341.0,20230600,,20230500,7341.0,20230600
2023-04-21 04:00:00,7347.0,20230600,,20230500,7347.0,20230600
2023-04-21 05:00:00,7338.0,20230600,,20230500,7338.0,20230600
2023-04-21 06:00:00,7340.0,20230600,,20230500,7340.0,20230600
2023-04-21 07:00:00,7342.0,20230600,,20230500,7342.0,20230600
2023-04-21 08:10:00,7342.0,20230600,,20230500,7342.0,20230600
2023-04-21 09:00:00,7353.0,20230600,,20230500,7353.0,20230600
2023-04-21 10:00:00,7350.0,20230600,,20230500,7350.0,20230600
2023-04-21 11:00:00,7335.0,20230600,,20230500,7335.0,20230600
2023-04-21 12:00:00,7339.0,20230600,,20230500,7339.0,20230600
2023-04-21 13:00:00,7343.0,20230600,,20230500,7343.0,20230600
2023-04-21 14:00:00,7326.0,20230600,,20230500,7326.0,20230600
2023-04-21 15:00:00,7324.0,20230600,,20230500,7324.0,20230600
2023-04-21 16:00:00,7336.0,20230600,,20230500,7336.0,20230600
2023-04-21 17:00:00,7337.0,20230600,,20230500,7337.0,20230600
2023-04-21 18:00:00,7340.0,20230600,,20230500,7340.0,20230600
2023-04-21 19:00:00,7342.0,20230600,,20230500,7342.0,20230600
2023-04-21 20:00:00,7339.0,20230600,,20230500,7339.0,20230600
2023-04-21 21:00:00,7333.0,20230600,,20230500,7333.0,20230600
2023-04-21 23:00:00,7342.0,20230600,,20230500,7342.0,20230600
2023-04-22 23:00:00,7333.0,20230600,,20230500,7333.0,20230600
2023-04-24 00:50:00,7328.0,20230600,,20230500,7328.0,20230600
2023-04-24 01:00:00,7328.0,20230600,,20230500,7328.0,20230600
2023-04-24 02:00:00,7333.0,20230600,,20230500,7333.0,20230600
2023-04-24 03:00:00,7330.0,20230600,,20230500,7330.0,20230600
2023-04-24 04:00:00,7338.0,20230600,,20230500,7338.0,20230600
2023-04-24 05:00:00,7337.0,20230600,,20230500,7337.0,20230600
2023-04-24 06:00:00,7335.0,20230600,,20230500,7335.0,20230600
2023-04-24 07:00:00,7330.0,20230600,,20230500,7330.0,20230600
2023-04-24 08:10:00,7334.0,20230600,,20230500,7334.0,20230600
2023-04-24 09:00:00,7338.0,20230600,,20230500,7338.0,20230600
2023-04-24 10:00:00,7341.0,20230600,,20230500,7341.0,20230600
2023-04-24 11:00:00,7344.0,20230600,,20230500,7344.0,20230600
2023-04-24 12:00:00,7346.0,20230600,,20230500,7346.0,20230600
2023-04-24 13:00:00,7350.0,20230600,,20230500,7350.0,20230600
2023-04-24 14:00:00,7355.0,20230600,,20230500,7355.0,20230600
2023-04-24 15:00:00,7346.0,20230600,,20230500,7346.0,20230600
2023-04-24 16:00:00,7340.0,20230600,,20230500,7340.0,20230600
2023-04-24 17:00:00,7349.0,20230600,,20230500,7349.0,20230600
2023-04-24 18:00:00,7351.0,20230600,,20230500,7351.0,20230600
2023-04-24 19:00:00,7349.0,20230600,,20230500,7349.0,20230600
2023-04-24 20:00:00,7357.0,20230600,,20230500,7357.0,20230600
2023-04-24 21:00:00,7353.0,20230600,,20230500,7353.0,20230600
2023-04-24 23:00:00,7330.0,20230600,7311.0,20230500,7330.0,20230600
2023-04-25 08:10:00,7344.0,20230600,,20230500,7344.0,20230600
2023-04-25 09:00:00,7346.0,20230600,,20230500,7346.0,20230600
2023-04-25 10:00:00,7342.0,20230600,,20230500,7342.0,20230600
2023-04-25 11:00:00,7340.0,20230600,,20230500,7340.0,20230600
2023-04-25 12:00:00,7340.0,20230600,,20230500,7340.0,20230600
2023-04-25 13:00:00,7350.0,20230600,,20230500,7350.0,20230600
2023-04-25 14:00:00,7346.0,20230600,,20230500,7346.0,20230600
2023-04-25 15:00:00,7338.0,20230600,,20230500,7338.0,20230600
2023-04-25 16:00:00,7338.0,20230600,,20230500,7338.0,20230600
2023-04-25 17:00:00,7331.0,20230600,,20230500,7331.0,20230600
2023-04-25 18:00:00,7312.0,20230600,,20230500,7312.0,20230600
2023-04-25 19:00:00,7311.0,20230600,,20230500,7311.0,20230600
2023-04-25 20:00:00,7303.0,20230600,,20230500,7303.0,20230600
2023-04-25 21:00:00,7316.0,20230600,,20230500,7316.0,20230600
2023-04-25 23:00:00,7353.0,20230600,,20230500,7353.0,20230600
2023-04-26 00:50:00,7309.0,20230600,,20230500,7309.0,20230600
2023-04-26 01:00:00,7307.0,20230600,,20230500,7307.0,20230600
2023-04-26 02:00:00,7328.0,20230600,,20230500,7328.0,20230600
2023-04-26 03:00:00,7329.0,20230600,,20230500,7329.0,20230600
2023-04-26 04:00:00,7321.0,20230600,,20230500,7321.0,20230600
2023-04-26 05:00:00,7318.0,20230600,,20230500,7318.0,20230600
2023-04-26 06:00:00,7330.0,20230600,,20230500,7330.0,20230600
2023-04-26 07:00:00,7326.0,20230600,,20230500,7326.0,20230600
2023-04-26 08:10:00,7314.0,20230600,,20230500,7314.0,20230600
2023-04-26 09:00:00,7326.0,20230600,,20230500,7326.0,20230600
2023-04-26 10:00:00,7320.0,20230600,,20230500,7320.0,20230600
2023-04-26 11:00:00,7318.0,20230600,,20230500,7318.0,20230600
2023-04-26 12:00:00,7316.0,20230600,,20230500,7316.0,20230600
2023-04-26 13:00:00,7325.0,20230600,,20230500,7325.0,20230600
2023-04-26 14:00:00,7314.0,20230600,,20230500,7314.0,20230600
2023-04-26 15:00:00,7320.0,20230600,,20230500,7320.0,20230600
2023-04-26 16:00:00,7325.0,20230600,,20230500,7325.0,20230600
2023-04-26 17:00:00,7320.0,20230600,,20230500,7320.0,20230600
2023-04-26 18:00:00,7303.0,20230600,,20230500,7303.0,20230600
2023-04-26 19:00:00,7294.0,20230600,,20230500,7294.0,20230600
2023-04-26 20:00:00,7305.0,20230600,,20230500,7305.0,20230600
2023-04-26 21:00:00,7311.0,20230600,,20230500,7311.0,20230600
2023-04-26 23:00:00,7326.0,20230600,,20230500,7326.0,20230600
2023-04-27 00:50:00,7307.0,20230600,,20230500,7307.0,20230600
2023-04-27 01:00:00,7284.0,20230600,,20230500,7284.0,20230600
2023-04-27 02:00:00,7287.0,20230600,,20230500,7287.0,20230600
2023-04-27 03:00:00,7291.0,20230600,,20230500,7291.0,20230600
2023-04-27 04:00:00,7289.0,20230600,,20230500,7289.0,20230600
2023-04-27 05:00:00,7284.0,20230600,,20230500,7284.0,20230600
2023-04-27 06:00:00,7292.0,20230600,,20230500,7292.0,20230600
2023-04-27 07:00:00,7289.0,20230600,,20230500,7289.0,20230600
2023-04-27 08:10:00,7303.0,20230600,,20230500,7303.0,20230600
2023-04-27 09:00:00,7308.0,20230600,,20230500,7308.0,20230600
2023-04-27 10:00:00,7306.0,20230600,,20230500,7306.0,20230600
2023-04-27 11:00:00,7310.0,20230600,,20230500,7310.0,20230600
2023-04-27 12:00:00,7308.0,20230600,,20230500,7308.0,20230600
2023-04-27 13:00:00,7311.0,20230600,,20230500,7311.0,20230600
2023-04-27 14:00:00,7310.0,20230600,,20230500,7310.0,20230600
2023-04-27 15:00:00,7302.0,20230600,,20230500,7302.0,20230600
2023-04-27 16:00:00,7313.0,20230600,,20230500,7313.0,20230600
2023-04-27 17:00:00,7319.0,20230600,,20230500,7319.0,20230600
2023-04-27 18:00:00,7327.0,20230600,,20230500,7327.0,20230600
2023-04-27 19:00:00,7338.0,20230600,,20230500,7338.0,20230600
2023-04-27 20:00:00,7350.0,20230600,,20230500,7350.0,20230600
2023-04-27 21:00:00,7345.0,20230600,,20230500,7345.0,20230600
2023-04-27 23:00:00,7289.0,20230600,,20230500,7289.0,20230600
2023-04-28 00:50:00,7337.0,20230600,,20230500,7337.0,20230600
2023-04-28 01:00:00,7321.0,20230600,,20230500,7321.0,20230600
2023-04-28 02:00:00,7326.0,20230600,,20230500,7326.0,20230600
2023-04-28 03:00:00,7317.0,20230600,,20230500,7317.0,20230600
2023-04-28 04:00:00,7301.0,20230600,,20230500,7301.0,20230600
2023-04-28 05:00:00,7303.0,20230600,,20230500,7303.0,20230600
2023-04-28 06:00:00,7324.0,20230600,,20230500,7324.0,20230600
2023-04-28 07:00:00,7317.0,20230600,,20230500,7317.0,20230600
2023-04-28 08:10:00,7309.0,20230600,,20230500,7309.0,20230600
2023-04-28 09:00:00,7291.0,20230600,,20230500,7291.0,20230600
2023-04-28 10:00:00,7305.0,20230600,,20230500,7305.0,20230600
2023-04-28 11:00:00,7302.0,20230600,,20230500,7302.0,20230600
2023-04-28 12:00:00,7309.0,20230600,,20230500,7309.0,20230600
2023-04-28 13:00:00,7324.0,20230600,,20230500,7324.0,20230600
2023-04-28 14:00:00,7339.0,20230600,,20230500,7339.0,20230600
2023-04-28 15:00:00,7343.0,20230600,,20230500,7343.0,20230600
2023-04-28 16:00:00,7365.0,20230600,,20230500,7365.0,20230600
2023-04-28 17:00:00,7366.0,20230600,,20230500,7366.0,20230600
2023-04-28 18:00:00,7363.0,20230600,,20230500,7363.0,20230600
2023-04-28 19:00:00,7361.0,20230600,,20230500,7361.0,20230600
2023-04-28 20:00:00,7371.0,20230600,,20230500,7371.0,20230600
2023-04-28 21:00:00,7372.0,20230600,,20230500,7372.0,20230600
2023-04-28 23:00:00,7317.0,20230600,,20230500,7317.0,20230600
2023-04-29 23:00:00,7372.0,20230600,,20230500,7372.0,20230600
2023-05-01 00:50:00,7354.0,20230600,,20230500,7354.0,20230600
2023-05-01 01:00:00,7366.0,20230600,,20230500,7366.0,20230600
2023-05-01 02:00:00,7354.0,20230600,,20230500,7354.0,20230600
2023-05-01 03:00:00,7362.0,20230600,,20230500,7362.0,20230600
2023-05-01 04:00:00,7357.0,20230600,,20230500,7357.0,20230600
2023-05-01 05:00:00,7345.0,20230600,,20230500,7345.0,20230600
2023-05-01 06:00:00,7347.0,20230600,,20230500,7347.0,20230600
2023-05-01 07:00:00,7341.0,20230600,,20230500,7341.0,20230600
2023-05-01 08:10:00,7348.0,20230600,,20230500,7348.0,20230600
2023-05-01 09:00:00,7340.0,20230600,,20230500,7340.0,20230600
2023-05-01 10:00:00,7342.0,20230600,,20230500,7342.0,20230600
2023-05-01 11:00:00,7341.0,20230600,,20230500,7341.0,20230600
2023-05-01 12:00:00,7338.0,20230600,,20230500,7338.0,20230600
2023-05-01 13:00:00,7341.0,20230600,,20230500,7341.0,20230600
2023-05-01 14:00:00,7348.0,20230600,,20230500,7348.0,20230600
2023-05-01 15:00:00,7337.0,20230600,,20230500,7337.0,20230600
2023-05-01 16:00:00,7333.0,20230600,,20230500,7333.0,20230600
2023-05-01 17:00:00,7341.0,20230600,,20230500,7341.0,20230600
2023-05-01 18:00:00,7343.0,20230600,,20230500,7343.0,20230600
2023-05-01 19:00:00,7336.0,20230600,,20230500,7336.0,20230600
2023-05-01 20:00:00,7341.0,20230600,,20230500,7341.0,20230600
2023-05-01 21:00:00,7336.0,20230600,,20230500,7336.0,20230600
2023-05-01 23:00:00,7341.0,20230600,7323.0,20230500,7341.0,20230600
2023-05-02 00:50:00,7317.0,20230600,,20230500,7317.0,20230600
2023-05-02 01:00:00,7321.0,20230600,,20230500,7321.0,20230600
2023-05-02 02:00:00,7321.0,20230600,,20230500,7321.0,20230600
2023-05-02 03:00:00,7326.0,20230600,,20230500,7326.0,20230600
2023-05-02 04:00:00,7332.0,20230600,,20230500,7332.0,20230600
2023-05-02 05:00:00,7262.0,20230600,,20230500,7262.0,20230600
2023-05-02 06:00:00,7271.0,20230600,,20230500,7271.0,20230600
2023-05-02 07:00:00,7269.0,20230600,,20230500,7269.0,20230600
2023-05-02 08:10:00,7255.0,20230600,,20230500,7255.0,20230600
2023-05-02 09:00:00,7250.0,20230600,,20230500,7250.0,20230600
2023-05-02 10:00:00,7253.0,20230600,,20230500,7253.0,20230600
2023-05-02 11:00:00,7257.0,20230600,,20230500,7257.0,20230600
2023-05-02 12:00:00,7250.0,20230600,,20230500,7250.0,20230600
2023-05-02 13:00:00,7242.0,20230600,,20230500,7242.0,20230600
2023-05-02 14:00:00,7230.0,20230600,,20230500,7230.0,20230600
2023-05-02 15:00:00,7197.0,20230600,,20230500,7197.0,20230600
2023-05-02 16:00:00,7199.0,20230600,,20230500,7199.0,20230600
2023-05-02 17:00:00,7207.0,20230600,,20230500,7207.0,20230600
2023-05-02 18:00:00,7219.0,20230600,,20230500,7219.0,20230600
2023-05-02 19:00:00,7226.0,20230600,,20230500,7226.0,20230600
2023-05-02 20:00:00,7229.0,20230600,,20230500,7229.0,20230600
2023-05-02 21:00:00,7229.0,20230600,,20230500,7229.0,20230600
2023-05-02 23:00:00,7269.0,20230600,,20230500,7269.0,20230600
2023-05-03 00:50:00,7214.0,20230600,,20230500,7214.0,20230600
2023-05-03 01:00:00,7204.0,20230600,,20230500,7204.0,20230600
2023-05-03 02:00:00,7184.0,20230600,,20230500,7184.0,20230600
2023-05-03 03:00:00,7191.0,20230600,,20230500,7191.0,20230600
2023-05-03 04:00:00,7181.0,20230600,,20230500,7181.0,20230600
2023-05-03 05:00:00,7173.0,20230600,,20230500,7173.0,20230600
2023-05-03 06:00:00,7186.0,20230600,,20230500,7186.0,20230600
2023-05-03 07:00:00,7199.0,20230600,,20230500,7199.0,20230600
2023-05-03 08:10:00,7200.0,20230600,,20230500,7200.0,20230600
2023-05-03 09:00:00,7198.0,20230600,,20230500,7198.0,20230600
2023-05-03 10:00:00,7206.0,20230600,,20230500,7206.0,20230600
2023-05-03 11:00:00,7195.0,20230600,,20230500,7195.0,20230600
2023-05-03 12:00:00,7195.0,20230600,,20230500,7195.0,20230600
2023-05-03 13:00:00,7192.0,20230600,,20230500,7192.0,20230600
2023-05-03 14:00:00,7202.0,20230600,,20230500,7202.0,20230600
2023-05-03 15:00:00,7195.0,20230600,,20230500,7195.0,20230600
2023-05-03 16:00:00,7201.0,20230600,,20230500,7201.0,20230600
2023-05-03 17:00:00,7204.0,20230600,,20230500,7204.0,20230600
2023-05-03 18:00:00,7201.0,20230600,,20230500,7201.0,20230600
2023-05-03 19:00:00,7204.0,20230600,,20230500,7204.0,20230600
2023-05-03 20:00:00,7171.0,20230600,,20230500,7171.0,20230600
2023-05-03 21:00:00,7165.0,20230600,,20230500,7165.0,20230600
2023-05-03 23:00:00,7199.0,20230600,,20230500,7199.0,20230600
2023-05-04 00:50:00,7142.0,20230600,,20230500,7142.0,20230600
2023-05-04 01:00:00,7159.0,20230600,,20230500,7159.0,20230600
2023-05-04 02:00:00,7174.0,20230600,,20230500,7174.0,20230600
2023-05-04 03:00:00,7184.0,20230600,,20230500,7184.0,20230600
2023-05-04 04:00:00,7187.0,20230600,,20230500,7187.0,20230600
2023-05-04 05:00:00,7195.0,20230600,,20230500,7195.0,20230600
2023-05-04 06:00:00,7192.0,20230600,,20230500,7192.0,20230600
2023-05-04 07:00:00,7191.0,20230600,,20230500,7191.0,20230600
2023-05-04 08:10:00,7199.0,20230600,,20230500,7199.0,20230600
2023-05-04 09:00:00,7188.0,20230600,,20230500,7188.0,20230600
2023-05-04 10:00:00,7183.0,20230600,,20230500,7183.0,20230600
2023-05-04 11:00:00,7176.0,20230600,,20230500,7176.0,20230600
2023-05-04 12:00:00,7182.0,20230600,,20230500,7182.0,20230600
2023-05-04 13:00:00,7183.0,20230600,,20230500,7183.0,20230600
2023-05-04 14:00:00,7191.0,20230600,,20230500,7191.0,20230600
2023-05-04 15:00:00,7174.0,20230600,,20230500,7174.0,20230600
2023-05-04 16:00:00,7167.0,20230600,,20230500,7167.0,20230600
2023-05-04 17:00:00,7168.0,20230600,,20230500,7168.0,20230600
2023-05-04 18:00:00,7171.0,20230600,,20230500,7171.0,20230600
2023-05-04 19:00:00,7170.0,20230600,,20230500,7170.0,20230600
2023-05-04 20:00:00,7161.0,20230600,,20230500,7161.0,20230600
2023-05-04 21:00:00,7162.0,20230600,,20230500,7162.0,20230600
2023-05-04 23:00:00,7191.0,20230600,,20230500,7191.0,20230600
2023-05-05 00:50:00,7177.0,20230600,,20230500,7177.0,20230600
2023-05-05 01:00:00,7193.0,20230600,,20230500,7193.0,20230600
2023-05-05 02:00:00,7195.0,20230600,,20230500,7195.0,20230600
2023-05-05 03:00:00,7205.0,20230600,,20230500,7205.0,20230600
2023-05-05 04:00:00,7215.0,20230600,,20230500,7215.0,20230600
2023-05-05 05:00:00,7217.0,20230600,,20230500,7217.0,20230600
2023-05-05 06:00:00,7210.0,20230600,,20230500,7210.0,20230600
2023-05-05 07:00:00,7218.0,20230600,,20230500,7218.0,20230600
2023-05-05 08:10:00,7206.0,20230600,,20230500,7206.0,20230600
2023-05-05 09:00:00,7217.0,20230600,,20230500,7217.0,20230600
2023-05-05 10:00:00,7216.0,20230600,,20230500,7216.0,20230600
2023-05-05 11:00:00,7223.0,20230600,,20230500,7223.0,20230600
2023-05-05 12:00:00,7231.0,20230600,,20230500,7231.0,20230600
2023-05-05 13:00:00,7228.0,20230600,,20230500,7228.0,20230600
2023-05-05 14:00:00,7239.0,20230600,,20230500,7239.0,20230600
2023-05-05 15:00:00,7259.0,20230600,,20230500,7259.0,20230600
2023-05-05 16:00:00,7269.0,20230600,,20230500,7269.0,20230600
2023-05-05 17:00:00,7271.0,20230600,,20230500,7271.0,20230600
2023-05-05 18:00:00,7280.0,20230600,,20230500,7280.0,20230600
2023-05-05 19:00:00,7292.0,20230600,,20230500,7292.0,20230600
2023-05-05 20:00:00,7292.0,20230600,,20230500,7292.0,20230600
2023-05-05 21:00:00,7284.0,20230600,,20230500,7284.0,20230600
2023-05-05 23:00:00,7218.0,20230600,,20230500,7218.0,20230600
2023-05-06 23:00:00,7284.0,20230600,,20230500,7284.0,20230600
2023-05-08 00:50:00,7294.0,20230600,,20230500,7294.0,20230600
2023-05-08 01:00:00,7266.0,20230600,,20230500,7266.0,20230600
2023-05-08 02:00:00,7260.0,20230600,,20230500,7260.0,20230600
2023-05-08 03:00:00,7263.0,20230600,,20230500,7263.0,20230600
2023-05-08 04:00:00,7252.0,20230600,,20230500,7252.0,20230600
2023-05-08 05:00:00,7273.0,20230600,,20230500,7273.0,20230600
2023-05-08 06:00:00,7275.0,20230600,,20230500,7275.0,20230600
2023-05-08 07:00:00,7270.0,20230600,,20230500,7270.0,20230600
2023-05-08 08:10:00,7274.0,20230600,,20230500,7274.0,20230600
2023-05-08 09:00:00,7270.0,20230600,,20230500,7270.0,20230600
2023-05-08 10:00:00,7272.0,20230600,,20230500,7272.0,20230600
2023-05-08 11:00:00,7280.0,20230600,,20230500,7280.0,20230600
2023-05-08 12:00:00,7280.0,20230600,,20230500,7280.0,20230600
2023-05-08 13:00:00,7280.0,20230600,,20230500,7280.0,20230600
2023-05-08 14:00:00,7269.0,20230600,,20230500,7269.0,20230600
2023-05-08 15:00:00,7272.0,20230600,,20230500,7272.0,20230600
2023-05-08 16:00:00,7269.0,20230600,,20230500,7269.0,20230600
2023-05-08 17:00:00,7266.0,20230600,,20230500,7266.0,20230600
2023-05-08 18:00:00,7269.0,20230600,,20230500,7269.0,20230600
2023-05-08 19:00:00,7269.0,20230600,,20230500,7269.0,20230600
2023-05-08 20:00:00,7265.0,20230600,,20230500,7265.0,20230600
2023-05-08 21:00:00,7263.0,20230600,,20230500,7263.0,20230600
2023-05-08 23:00:00,7271.0,20230600,7252.0,20230500,7271.0,20230600
2023-05-09 00:50:00,7263.0,20230600,,20230500,7263.0,20230600
2023-05-09 01:00:00,7247.0,20230600,,20230500,7247.0,20230600
2023-05-09 02:00:00,7253.0,20230600,,20230500,7253.0,20230600
2023-05-09 03:00:00,7252.0,20230600,,20230500,7252.0,20230600
2023-05-09 04:00:00,7260.0,20230600,,20230500,7260.0,20230600
2023-05-09 05:00:00,7256.0,20230600,,20230500,7256.0,20230600
2023-05-09 06:00:00,7259.0,20230600,,20230500,7259.0,20230600
2023-05-09 07:00:00,7255.0,20230600,,20230500,7255.0,20230600
2023-05-09 08:10:00,7245.0,20230600,,20230500,7245.0,20230600
2023-05-09 09:00:00,7242.0,20230600,,20230500,7242.0,20230600
2023-05-09 10:00:00,7242.0,20230600,,20230500,7242.0,20230600
2023-05-09 11:00:00,7240.0,20230600,,20230500,7240.0,20230600
2023-05-09 12:00:00,7233.0,20230600,,20230500,7233.0,20230600
2023-05-09 13:00:00,7229.0,20230600,,20230500,7229.0,20230600
2023-05-09 14:00:00,7240.0,20230600,,20230500,7240.0,20230600
2023-05-09 15:00:00,7237.0,20230600,,20230500,7237.0,20230600
2023-05-09 16:00:00,7239.0,20230600,,20230500,7239.0,20230600
2023-05-09 17:00:00,7244.0,20230600,,20230500,7244.0,20230600
2023-05-09 18:00:00,7251.0,20230600,,20230500,7251.0,20230600
2023-05-09 19:00:00,7243.0,20230600,,20230500,7243.0,20230600
2023-05-09 20:00:00,7237.0,20230600,,20230500,7237.0,20230600
2023-05-09 21:00:00,7235.0,20230600,,20230500,7235.0,20230600
2023-05-09 23:00:00,7255.0,20230600,,20230500,7255.0,20230600
2023-05-10 00:50:00,7240.0,20230600,,20230500,7240.0,20230600
2023-05-10 01:00:00,7245.0,20230600,,20230500,7245.0,20230600
2023-05-10 02:00:00,7251.0,20230600,,20230500,7251.0,20230600
2023-05-10 03:00:00,7257.0,20230600,,20230500,7257.0,20230600
2023-05-10 04:00:00,7248.0,20230600,,20230500,7248.0,20230600
2023-05-10 05:00:00,7258.0,20230600,,20230500,7258.0,20230600
2023-05-10 06:00:00,7249.0,20230600,,20230500,7249.0,20230600
2023-05-10 07:00:00,7262.0,20230600,,20230500,7262.0,20230600
2023-05-10 08:10:00,7237.0,20230600,,20230500,7237.0,20230600
2023-05-10 09:00:00,7241.0,20230600,,20230500,7241.0,20230600
2023-05-10 10:00:00,7243.0,20230600,,20230500,7243.0,20230600
2023-05-10 11:00:00,7242.0,20230600,,20230500,7242.0,20230600
2023-05-10 12:00:00,7241.0,20230600,,20230500,7241.0,20230600
2023-05-10 13:00:00,7273.0,20230600,,20230500,7273.0,20230600
2023-05-10 14:00:00,7248.0,20230600,,20230500,7248.0,20230600
2023-05-10 15:00:00,7234.0,20230600,,20230500,7234.0,20230600
2023-05-10 16:00:00,7233.0,20230600,,20230500,7233.0,20230600
2023-05-10 17:00:00,7227.0,20230600,,20230500,7227.0,20230600
2023-05-10 18:00:00,7226.0,20230600,,20230500,7226.0,20230600
2023-05-10 19:00:00,7242.0,20230600,,20230500,7242.0,20230600
2023-05-10 20:00:00,7247.0,20230600,,20230500,7247.0,20230600
2023-05-10 21:00:00,7250.0,20230600,,20230500,7250.0,20230600
2023-05-10 23:00:00,7262.0,20230600,,20230500,7262.0,20230600
2023-05-11 00:50:00,7259.0,20230600,,20230500,7259.0,20230600
2023-05-11 01:00:00,7262.0,20230600,,20230500,7262.0,20230600
2023-05-11 02:00:00,7245.0,20230600,,20230500,7245.0,20230600
2023-05-11 03:00:00,7238.0,20230600,,20230500,7238.0,20230600
2023-05-11 04:00:00,7252.0,20230600,,20230500,7252.0,20230600
2023-05-11 05:00:00,7254.0,20230600,,20230500,7254.0,20230600
2023-05-11 06:00:00,7256.0,20230600,,20230500,7256.0,20230600
2023-05-11 07:00:00,7255.0,20230600,,20230500,7255.0,20230600
2023-05-11 08:10:00,7264.0,20230600,,20230500,7264.0,20230600
2023-05-11 09:00:00,7260.0,20230600,,20230500,7260.0,20230600
2023-05-11 10:00:00,7263.0,20230600,,20230500,7263.0,20230600
2023-05-11 11:00:00,7260.0,20230600,,20230500,7260.0,20230600
2023-05-11 12:00:00,7242.0,20230600,,20230500,7242.0,20230600
2023-05-11 13:00:00,7233.0,20230600,,20230500,7233.0,20230600
2023-05-11 14:00:00,7213.0,20230600,,20230500,7213.0,20230600
2023-05-11 15:00:00,7219.0,20230600,,20230500,7219.0,20230600
2023-05-11 16:00:00,7230.0,20230600,,20230500,7230.0,20230600
2023-05-11 17:00:00,7232.0,20230600,,20230500,7232.0,20230600
2023-05-11 18:00:00,7231.0,20230600,,20230500,7231.0,20230600
2023-05-11 19:00:00,7243.0,20230600,,20230500,7243.0,20230600
2023-05-11 20:00:00,7247.0,20230600,,20230500,7247.0,20230600
2023-05-11 21:00:00,7247.0,20230600,,20230500,7247.0,20230600
2023-05-11 23:00:00,7255.0,20230600,,20230500,7255.0,20230600
2023-05-12 00:50:00,7247.0,20230600,,20230500,7247.0,20230600
2023-05-12 01:00:00,7257.0,20230600,,20230500,7257.0,20230600
2023-05-12 02:00:00,7247.0,20230600,,20230500,7247.0,20230600
2023-05-12 03:00:00,7245.0,20230600,,20230500,7245.0,20230600
2023-05-12 04:00:00,7251.0,20230600,,20230500,7251.0,20230600
2023-05-12 05:00:00,7261.0,20230600,,20230500,7261.0,20230600
2023-05-12 06:00:00,7264.0,20230600,,20230500,7264.0,20230600
2023-05-12 07:00:00,7266.0,20230600,,20230500,7266.0,20230600
2023-05-12 08:10:00,7269.0,20230600,,20230500,7269.0,20230600
2023-05-12 09:00:00,7285.0,20230600,,20230500,7285.0,20230600
2023-05-12 10:00:00,7283.0,20230600,,20230500,7283.0,20230600
2023-05-12 11:00:00,7283.0,20230600,,20230500,7283.0,20230600
2023-05-12 12:00:00,7279.0,20230600,,20230500,7279.0,20230600
2023-05-12 13:00:00,7278.0,20230600,,20230500,7278.0,20230600
2023-05-12 14:00:00,7284.0,20230600,,20230500,7284.0,20230600
2023-05-12 15:00:00,7272.0,20230600,,20230500,7272.0,20230600
2023-05-12 16:00:00,7276.0,20230600,,20230500,7276.0,20230600
2023-05-12 17:00:00,7257.0,20230600,,20230500,7257.0,20230600
2023-05-12 18:00:00,7255.0,20230600,,20230500,7255.0,20230600
2023-05-12 19:00:00,7261.0,20230600,,20230500,7261.0,20230600
2023-05-12 20:00:00,7280.0,20230600,,20230500,7280.0,20230600
2023-05-12 21:00:00,7274.0,20230600,,20230500,7274.0,20230600
2023-05-12 23:00:00,7266.0,20230600,,20230500,7266.0,20230600
2023-05-13 23:00:00,7274.0,20230600,,20230500,7274.0,20230600
2023-05-15 00:50:00,7276.0,20230600,,20230500,7276.0,20230600
2023-05-15 01:00:00,7262.0,20230600,,20230500,7262.0,20230600
2023-05-15 02:00:00,7272.0,20230600,,20230500,7272.0,20230600
2023-05-15 03:00:00,7264.0,20230600,,20230500,7264.0,20230600
2023-05-15 04:00:00,7278.0,20230600,,20230500,7278.0,20230600
2023-05-15 05:00:00,7286.0,20230600,,20230500,7286.0,20230600
2023-05-15 06:00:00,7288.0,20230600,,20230500,7288.0,20230600
2023-05-15 07:00:00,7296.0,20230600,,20230500,7296.0,20230600
2023-05-15 08:10:00,7296.0,20230600,,20230500,7296.0,20230600
2023-05-15 09:00:00,7291.0,20230600,,20230500,7291.0,20230600
2023-05-15 10:00:00,7298.0,20230600,,20230500,7298.0,20230600
2023-05-15 11:00:00,7298.0,20230600,,20230500,7298.0,20230600
2023-05-15 12:00:00,7295.0,20230600,,20230500,7295.0,20230600
2023-05-15 13:00:00,7286.0,20230600,,20230500,7286.0,20230600
2023-05-15 14:00:00,7277.0,20230600,,20230500,7277.0,20230600
2023-05-15 15:00:00,7281.0,20230600,,20230500,7281.0,20230600
2023-05-15 16:00:00,7283.0,20230600,,20230500,7283.0,20230600
2023-05-15 17:00:00,7297.0,20230600,,20230500,7297.0,20230600
2023-05-15 18:00:00,7293.0,20230600,,20230500,7293.0,20230600
2023-05-15 19:00:00,7298.0,20230600,,20230500,7298.0,20230600
2023-05-15 20:00:00,7297.0,20230600,,20230500,7297.0,20230600
2023-05-15 21:00:00,7294.0,20230600,,20230500,7294.0,20230600
2023-05-15 23:00:00,7295.0,20230600,7277.0,20230500,7295.0,20230600
2023-05-16 00:50:00,,20230700,7292.0,20230600,,20230700
2023-05-16 01:00:00,,20230700,7279.0,20230600,,20230700
2023-05-16 02:00:00,,20230700,7279.0,20230600,,20230700
2023-05-16 03:00:00,,20230700,7273.0,20230600,,20230700
2023-05-16 04:00:00,,20230700,7267.0,20230600,,20230700
2023-05-16 05:00:00,,20230700,7259.0,20230600,,20230700
2023-05-16 06:00:00,,20230700,7258.0,20230600,,20230700
2023-05-16 07:00:00,,20230700,7253.0,20230600,,20230700
2023-05-16 08:10:00,,20230700,7268.0,20230600,,20230700
2023-05-16 09:00:00,,20230700,7270.0,20230600,,20230700
2023-05-16 10:00:00,,20230700,7265.0,20230600,,20230700
2023-05-16 11:00:00,,20230700,7271.0,20230600,,20230700
2023-05-16 12:00:00,,20230700,7262.0,20230600,,20230700
2023-05-16 13:00:00,,20230700,7260.0,20230600,,20230700
2023-05-16 14:00:00,,20230700,7246.0,20230600,,20230700
2023-05-16 15:00:00,,20230700,7242.0,20230600,,20230700
2023-05-16 16:00:00,,20230700,7238.0,20230600,,20230700
2023-05-16 17:00:00,,20230700,7238.0,20230600,,20230700
2023-05-16 18:00:00,,20230700,7230.0,20230600,,20230700
2023-05-16 19:00:00,,20230700,7224.0,20230600,,20230700
2023-05-16 20:00:00,,20230700,7213.0,20230600,,20230700
2023-05-16 21:00:00,,20230700,7217.0,20230600,,20230700
2023-05-16 23:00:00,,20230700,7253.0,20230600,,20230700
2023-05-17 00:50:00,,20230700,7214.0,20230600,,20230700
2023-05-17 01:00:00,,20230700,7203.0,20230600,,20230700
2023-05-17 02:00:00,,20230700,7218.0,20230600,,20230700
2023-05-17 03:00:00,,20230700,7218.0,20230600,,20230700
2023-05-17 04:00:00,,20230700,7217.0,20230600,,20230700
2023-05-17 05:00:00,,20230700,7224.0,20230600,,20230700
2023-05-17 06:00:00,,20230700,7219.0,20230600,,20230700
2023-05-17 07:00:00,,20230700,7219.0,20230600,,20230700
2023-05-17 08:10:00,,20230700,7224.0,20230600,,20230700
2023-05-17 09:00:00,,20230700,7235.0,20230600,,20230700
2023-05-17 10:00:00,,20230700,7234.0,20230600,,20230700
2023-05-17 11:00:00,,20230700,7232.0,20230600,,20230700
2023-05-17 12:00:00,,20230700,7234.0,20230600,,20230700
2023-05-17 13:00:00,,20230700,7238.0,20230600,,20230700
2023-05-17 14:00:00,,20230700,7221.0,20230600,,20230700
2023-05-17 15:00:00,,20230700,7228.0,20230600,,20230700
2023-05-17 16:00:00,,20230700,7234.0,20230600,,20230700
2023-05-17 17:00:00,,20230700,7250.0,20230600,,20230700
2023-05-17 18:00:00,,20230700,7261.0,20230600,,20230700
2023-05-17 19:00:00,,20230700,7258.0,20230600,,20230700
2023-05-17 20:00:00,,20230700,7263.0,20230600,,20230700
2023-05-17 21:00:00,,20230700,7260.0,20230600,,20230700
2023-05-17 23:00:00,,20230700,7219.0,20230600,,20230700
2023-05-18 00:50:00,,20230700,7265.0,20230600,,20230700
2023-05-18 01:00:00,,20230700,7260.0,20230600,,20230700
2023-05-18 02:00:00,,20230700,7256.0,20230600,,20230700
2023-05-18 03:00:00,,20230700,7263.0,20230600,,20230700
2023-05-18 04:00:00,,20230700,7255.0,20230600,,20230700
2023-05-18 05:00:00,,20230700,7254.0,20230600,,20230700
2023-05-18 06:00:00,,20230700,7251.0,20230600,,20230700
2023-05-18 07:00:00,,20230700,7260.0,20230600,,20230700
2023-05-18 08:10:00,,20230700,7269.0,20230600,,20230700
2023-05-18 09:00:00,,20230700,7266.0,20230600,,20230700
2023-05-18 10:00:00,,20230700,7271.0,20230600,,20230700
2023-05-18 11:00:00,,20230700,7274.0,20230600,,20230700
2023-05-18 12:00:00,,20230700,7270.0,20230600,,20230700
2023-05-18 13:00:00,,20230700,7253.0,20230600,,20230700
2023-05-18 14:00:00,,20230700,7249.0,20230600,,20230700
2023-05-18 15:00:00,,20230700,7256.0,20230600,,20230700
2023-05-18 16:00:00,,20230700,7253.0,20230600,,20230700
2023-05-18 17:00:00,,20230700,7244.0,20230600,,20230700
2023-05-18 18:00:00,,20230700,7240.0,20230600,,20230700
2023-05-18 19:00:00,,20230700,7254.0,20230600,,20230700
2023-05-18 20:00:00,,20230700,7275.0,20230600,,20230700
2023-05-18 21:00:00,,20230700,7276.0,20230600,,20230700
2023-05-18 23:00:00,,20230700,7260.0,20230600,,20230700
2023-05-19 00:50:00,,20230700,7274.0,20230600,,20230700
2023-05-19 01:00:00,,20230700,7287.0,20230600,,20230700
2023-05-19 02:00:00,,20230700,7286.0,20230600,,20230700
2023-05-19 03:00:00,,20230700,7289.0,20230600,,20230700
2023-05-19 04:00:00,,20230700,7300.0,20230600,,20230700
2023-05-19 05:00:00,,20230700,7305.0,20230600,,20230700
2023-05-19 06:00:00,,20230700,7300.0,20230600,,20230700
2023-05-19 07:00:00,,20230700,7300.0,20230600,,20230700
2023-05-19 08:10:00,,20230700,7298.0,20230600,,20230700
2023-05-19 09:00:00,,20230700,7305.0,20230600,,20230700
2023-05-19 10:00:00,,20230700,7304.0,20230600,,20230700
2023-05-19 11:00:00,,20230700,7301.0,20230600,,20230700
2023-05-19 12:00:00,,20230700,7310.0,20230600,,20230700
2023-05-19 13:00:00,,20230700,7314.0,20230600,,20230700
2023-05-19 14:00:00,,20230700,7309.0,20230600,,20230700
2023-05-19 15:00:00,,20230700,7306.0,20230600,,20230700
2023-05-19 16:00:00,,20230700,7284.0,20230600,,20230700
2023-05-19 17:00:00,,20230700,7286.0,20230600,,20230700
2023-05-19 18:00:00,,20230700,7284.0,20230600,,20230700
2023-05-19 19:00:00,,20230700,7291.0,20230600,,20230700
2023-05-19 20:00:00,,20230700,7291.0,20230600,,20230700
2023-05-19 21:00:00,,20230700,7289.0,20230600,,20230700
2023-05-19 23:00:00,,20230700,7289.0,20230600,,20230700
2023-05-20 23:00:00,,20230700,7289.0,20230600,,20230700
2023-05-22 00:50:00,,20230700,7298.0,20230600,,20230700
2023-05-22 01:00:00,,20230700,7291.0,20230600,,20230700
2023-05-22 02:00:00,,20230700,7276.0,20230600,,20230700
2023-05-22 03:00:00,,20230700,7278.0,20230600,,20230700
2023-05-22 04:00:00,,20230700,7283.0,20230600,,20230700
2023-05-22 05:00:00,,20230700,7287.0,20230600,,20230700
2023-05-22 06:00:00,,20230700,7284.0,20230600,,20230700
2023-05-22 07:00:00,,20230700,7283.0,20230600,,20230700
2023-05-22 08:10:00,,20230700,7290.0,20230600,,20230700
2023-05-22 09:00:00,,20230700,7291.0,20230600,,20230700
2023-05-22 10:00:00,,20230700,7292.0,20230600,,20230700
2023-05-22 11:00:00,,20230700,7286.0,20230600,,20230700
2023-05-22 12:00:00,,20230700,7291.0,20230600,,20230700
2023-05-22 13:00:00,,20230700,7292.0,20230600,,20230700
2023-05-22 14:00:00,,20230700,7287.0,20230600,,20230700
2023-05-22 15:00:00,,20230700,7292.0,20230600,,20230700
2023-05-22 16:00:00,,20230700,7295.0,20230600,,20230700
2023-05-22 17:00:00,,20230700,7293.0,20230600,,20230700
2023-05-22 18:00:00,,20230700,7294.0,20230600,,20230700
2023-05-22 19:00:00,,20230700,7299.0,20230600,,20230700
2023-05-22 20:00:00,,20230700,7300.0,20230600,,20230700
2023-05-22 21:00:00,,20230700,7288.0,20230600,,20230700
2023-05-22 23:00:00,7283.0,20230700,7283.0,20230600,7283.0,20230700
2023-05-23 00:50:00,,20230700,7297.0,20230600,,20230700
2023-05-23 01:00:00,,20230700,7290.0,20230600,,20230700
2023-05-23 02:00:00,,20230700,7291.0,20230600,,20230700
2023-05-23 03:00:00,,20230700,7303.0,20230600,,20230700
2023-05-23 04:00:00,,20230700,7299.0,20230600,,20230700
2023-05-23 05:00:00,,20230700,7291.0,20230600,,20230700
2023-05-23 06:00:00,,20230700,7288.0,20230600,,20230700
2023-05-23 07:00:00,,20230700,7277.0,20230600,,20230700
2023-05-23 08:10:00,,20230700,7276.0,20230600,,20230700
2023-05-23 09:00:00,,20230700,7272.0,20230600,,20230700
2023-05-23 10:00:00,,20230700,7273.0,20230600,,20230700
2023-05-23 11:00:00,,20230700,7274.0,20230600,,20230700
2023-05-23 12:00:00,,20230700,7270.0,20230600,,20230700
2023-05-23 13:00:00,,20230700,7272.0,20230600,,20230700
2023-05-23 14:00:00,,20230700,7271.0,20230600,,20230700
2023-05-23 15:00:00,,20230700,7276.0,20230600,,20230700
2023-05-23 16:00:00,,20230700,7277.0,20230600,,20230700
2023-05-23 17:00:00,,20230700,7265.0,20230600,,20230700
2023-05-23 18:00:00,,20230700,7259.0,20230600,,20230700
2023-05-23 19:00:00,,20230700,7250.0,20230600,,20230700
2023-05-23 20:00:00,,20230700,7251.0,20230600,,20230700
2023-05-23 21:00:00,,20230700,7241.0,20230600,,20230700
2023-05-23 23:00:00,,20230700,7277.0,20230600,,20230700
2023-05-24 00:50:00,,20230700,7247.0,20230600,,20230700
2023-05-24 01:00:00,,20230700,7253.0,20230600,,20230700
2023-05-24 02:00:00,,20230700,7240.0,20230600,,20230700
2023-05-24 03:00:00,,20230700,7239.0,20230600,,20230700
2023-05-24 04:00:00,,20230700,7237.0,20230600,,20230700
2023-05-24 05:00:00,,20230700,7235.0,20230600,,20230700
2023-05-24 06:00:00,,20230700,7225.0,20230600,,20230700
2023-05-24 07:00:00,,20230700,7226.0,20230600,,20230700
2023-05-24 08:10:00,,20230700,7206.0,20230600,,20230700
2023-05-24 09:00:00,,20230700,7219.0,20230600,,20230700
2023-05-24 10:00:00,,20230700,7220.0,20230600,,20230700
2023-05-24 11:00:00,,20230700,7198.0,20230600,,20230700
2023-05-24 12:00:00,,20230700,7198.0,20230600,,20230700
2023-05-24 13:00:00,,20230700,7198.0,20230600,,20230700
2023-05-24 14:00:00,,20230700,7181.0,20230600,,20230700
2023-05-24 15:00:00,,20230700,7184.0,20230600,,20230700
2023-05-24 16:00:00,,20230700,7183.0,20230600,,20230700
2023-05-24 17:00:00,,20230700,7186.0,20230600,,20230700
2023-05-24 18:00:00,,20230700,7190.0,20230600,,20230700
2023-05-24 19:00:00,,20230700,7176.0,20230600,,20230700
2023-05-24 20:00:00,,20230700,7176.0,20230600,,20230700
2023-05-24 21:00:00,,20230700,7196.0,20230600,,20230700
2023-05-24 23:00:00,,20230700,7226.0,20230600,,20230700
2023-05-25 00:50:00,,20230700,7184.0,20230600,,20230700
2023-05-25 01:00:00,,20230700,7187.0,20230600,,20230700
2023-05-25 02:00:00,,20230700,7165.0,20230600,,20230700
2023-05-25 03:00:00,,20230700,7160.0,20230600,,20230700
2023-05-25 04:00:00,,20230700,7166.0,20230600,,20230700
2023-05-25 05:00:00,,20230700,7146.0,20230600,,20230700
2023-05-25 06:00:00,,20230700,7150.0,20230600,,20230700
2023-05-25 07:00:00,,20230700,7155.0,20230600,,20230700
2023-05-25 08:10:00,,20230700,7140.0,20230600,,20230700
2023-05-25 09:00:00,,20230700,7158.0,20230600,,20230700
2023-05-25 10:00:00,,20230700,7160.0,20230600,,20230700
2023-05-25 11:00:00,,20230700,7149.0,20230600,,20230700
2023-05-25 12:00:00,,20230700,7154.0,20230600,,20230700
2023-05-25 13:00:00,,20230700,7155.0,20230600,,20230700
2023-05-25 14:00:00,,20230700,7137.0,20230600,,20230700
2023-05-25 15:00:00,,20230700,7142.0,20230600,,20230700
2023-05-25 16:00:00,,20230700,7128.0,20230600,,20230700
2023-05-25 17:00:00,,20230700,7137.0,20230600,,20230700
2023-05-25 18:00:00,,20230700,7151.0,20230600,,20230700
2023-05-25 19:00:00,,20230700,7145.0,20230600,,20230700
2023-05-25 20:00:00,,20230700,7146.0,20230600,,20230700
2023-05-25 21:00:00,,20230700,7152.0,20230600,,20230700
2023-05-25 23:00:00,,20230700,7155.0,20230600,,20230700
2023-05-26 00:50:00,,20230700,7136.0,20230600,,20230700
2023-05-26 01:00:00,,20230700,7151.0,20230600,,20230700
2023-05-26 02:00:00,,20230700,7154.0,20230600,,20230700
2023-05-26 03:00:00,,20230700,7157.0,20230600,,20230700
2023-05-26 04:00:00,,20230700,7161.0,20230600,,20230700
2023-05-26 05:00:00,,20230700,7163.0,20230600,,20230700
2023-05-26 06:00:00,,20230700,7165.0,20230600,,20230700
2023-05-26 07:00:00,,20230700,7174.0,20230600,,20230700
2023-05-26 08:10:00,,20230700,7173.0,20230600,,20230700
2023-05-26 09:00:00,,20230700,7176.0,20230600,,20230700
2023-05-26 10:00:00,,20230700,7176.0,20230600,,20230700
2023-05-26 11:00:00,,20230700,7189.0,20230600,,20230700
2023-05-26 12:00:00,,20230700,7193.0,20230600,,20230700
2023-05-26 13:00:00,,20230700,7193.0,20230600,,20230700
2023-05-26 14:00:00,,20230700,7211.0,20230600,,20230700
2023-05-26 15:00:00,,20230700,7238.0,20230600,,20230700
2023-05-26 16:00:00,,20230700,7230.0,20230600,,20230700
2023-05-26 17:00:00,,20230700,7236.0,20230600,,20230700
2023-05-26 18:00:00,,20230700,7234.0,20230600,,20230700
2023-05-26 19:00:00,,20230700,7237.0,20230600,,20230700
2023-05-26 20:00:00,,20230700,7245.0,20230600,,20230700
2023-05-26 21:00:00,,20230700,7245.0,20230600,,20230700
2023-05-26 23:00:00,,20230700,7174.0,20230600,,20230700
2023-05-27 23:00:00,,20230700,7245.0,20230600,,20230700
2023-05-29 00:50:00,,20230700,7255.0,20230600,,20230700
2023-05-29 01:00:00,,20230700,7244.0,20230600,,20230700
2023-05-29 02:00:00,,20230700,7242.0,20230600,,20230700
2023-05-29 03:00:00,,20230700,7250.0,20230600,,20230700
2023-05-29 04:00:00,,20230700,7241.0,20230600,,20230700
2023-05-29 05:00:00,,20230700,7240.0,20230600,,20230700
2023-05-29 06:00:00,,20230700,7240.0,20230600,,20230700
2023-05-29 07:00:00,,20230700,7236.0,20230600,,20230700
2023-05-29 08:10:00,,20230700,7236.0,20230600,,20230700
2023-05-29 09:00:00,,20230700,7232.0,20230600,,20230700
2023-05-29 10:00:00,,20230700,7232.0,20230600,,20230700
2023-05-29 11:00:00,,20230700,7222.0,20230600,,20230700
2023-05-29 12:00:00,,20230700,7223.0,20230600,,20230700
2023-05-29 13:00:00,,20230700,7225.0,20230600,,20230700
2023-05-29 14:00:00,,20230700,7221.0,20230600,,20230700
2023-05-29 15:00:00,,20230700,7229.0,20230600,,20230700
2023-05-29 16:00:00,,20230700,7229.0,20230600,,20230700
2023-05-29 17:00:00,,20230700,7228.0,20230600,,20230700
2023-05-29 18:00:00,,20230700,7230.0,20230600,,20230700
2023-05-29 19:00:00,,20230700,7229.0,20230600,,20230700
2023-05-29 20:00:00,,20230700,7228.0,20230600,,20230700
2023-05-29 21:00:00,,20230700,7224.0,20230600,,20230700
2023-05-29 23:00:00,7252.0,20230700,7237.0,20230600,7252.0,20230700
2023-05-30 00:50:00,,20230700,7225.0,20230600,,20230700
2023-05-30 01:00:00,,20230700,7238.0,20230600,,20230700
2023-05-30 02:00:00,,20230700,7228.0,20230600,,20230700
2023-05-30 03:00:00,,20230700,7227.0,20230600,,20230700
2023-05-30 04:00:00,,20230700,7226.0,20230600,,20230700
2023-05-30 05:00:00,,20230700,7228.0,20230600,,20230700
2023-05-30 06:00:00,,20230700,7220.0,20230600,,20230700
2023-05-30 07:00:00,,20230700,7220.0,20230600,,20230700
2023-05-30 08:10:00,,20230700,7218.0,20230600,,20230700
2023-05-30 09:00:00,,20230700,7218.0,20230600,,20230700
2023-05-30 10:00:00,,20230700,7219.0,20230600,,20230700
2023-05-30 11:00:00,,20230700,7223.0,20230600,,20230700
2023-05-30 12:00:00,,20230700,7224.0,20230600,,20230700
2023-05-30 13:00:00,,20230700,7224.0,20230600,,20230700
2023-05-30 14:00:00,,20230700,7213.0,20230600,,20230700
2023-05-30 15:00:00,,20230700,7190.0,20230600,,20230700
2023-05-30 16:00:00,,20230700,7189.0,20230600,,20230700
2023-05-30 17:00:00,,20230700,7183.0,20230600,,20230700
2023-05-30 18:00:00,,20230700,7175.0,20230600,,20230700
2023-05-30 19:00:00,,20230700,7185.0,20230600,,20230700
2023-05-30 20:00:00,,20230700,7185.0,20230600,,20230700
2023-05-30 21:00:00,,20230700,7187.0,20230600,,20230700
2023-05-30 23:00:00,,20230700,7220.0,20230600,,20230700
2023-05-31 00:50:00,,20230700,7187.0,20230600,,20230700
2023-05-31 01:00:00,,20230700,7170.0,20230600,,20230700
2023-05-31 02:00:00,,20230700,7143.0,20230600,,20230700
2023-05-31 03:00:00,,20230700,7134.0,20230600,,20230700
2023-05-31 04:00:00,,20230700,7135.0,20230600,,20230700
2023-05-31 05:00:00,,20230700,7131.0,20230600,,20230700
2023-05-31 06:00:00,,20230700,7122.0,20230600,,20230700
2023-05-31 07:00:00,,20230700,7100.0,20230600,,20230700
2023-05-31 08:10:00,,20230700,7117.0,20230600,,20230700
2023-05-31 09:00:00,,20230700,7118.0,20230600,,20230700
2023-05-31 10:00:00,,20230700,7119.0,20230600,,20230700
2023-05-31 11:00:00,,20230700,7110.0,20230600,,20230700
2023-05-31 12:00:00,,20230700,7100.0,20230600,,20230700
2023-05-31 13:00:00,,20230700,7100.0,20230600,,20230700
2023-05-31 14:00:00,,20230700,7092.0,20230600,,20230700
2023-05-31 15:00:00,,20230700,7076.0,20230600,,20230700
2023-05-31 16:00:00,,20230700,7081.0,20230600,,20230700
2023-05-31 17:00:00,,20230700,7084.0,20230600,,20230700
2023-05-31 18:00:00,,20230700,7087.0,20230600,,20230700
2023-05-31 19:00:00,,20230700,7088.0,20230600,,20230700
2023-05-31 20:00:00,,20230700,7094.0,20230600,,20230700
2023-05-31 21:00:00,,20230700,7087.0,20230600,,20230700
2023-05-31 23:00:00,,20230700,7100.0,20230600,,20230700
2023-06-01 00:50:00,,20230700,7102.0,20230600,,20230700
2023-06-01 01:00:00,,20230700,7090.0,20230600,,20230700
2023-06-01 02:00:00,,20230700,7120.0,20230600,,20230700
2023-06-01 03:00:00,,20230700,7121.0,20230600,,20230700
2023-06-01 04:00:00,,20230700,7127.0,20230600,,20230700
2023-06-01 05:00:00,,20230700,7123.0,20230600,,20230700
2023-06-01 06:00:00,,20230700,7120.0,20230600,,20230700
2023-06-01 07:00:00,,20230700,7123.0,20230600,,20230700
2023-06-01 08:10:00,,20230700,7127.0,20230600,,20230700
2023-06-01 09:00:00,,20230700,7131.0,20230600,,20230700
2023-06-01 10:00:00,,20230700,7134.0,20230600,,20230700
2023-06-01 11:00:00,,20230700,7130.0,20230600,,20230700
2023-06-01 12:00:00,,20230700,7128.0,20230600,,20230700
2023-06-01 13:00:00,,20230700,7116.0,20230600,,20230700
2023-06-01 14:00:00,,20230700,7113.0,20230600,,20230700
2023-06-01 15:00:00,,20230700,7143.0,20230600,,20230700
2023-06-01 16:00:00,,20230700,7162.0,20230600,,20230700
2023-06-01 17:00:00,,20230700,7167.0,20230600,,20230700
2023-06-01 18:00:00,,20230700,7165.0,20230600,,20230700
2023-06-01 19:00:00,,20230700,7170.0,20230600,,20230700
2023-06-01 20:00:00,,20230700,7168.0,20230600,,20230700
2023-06-01 21:00:00,,20230700,7172.0,20230600,,20230700
2023-06-01 23:00:00,,20230700,7123.0,20230600,,20230700
2023-06-02 00:50:00,,20230700,7168.0,20230600,,20230700
2023-06-02 01:00:00,,20230700,7159.0,20230600,,20230700
2023-06-02 02:00:00,,20230700,7145.0,20230600,,20230700
2023-06-02 03:00:00,,20230700,7140.0,20230600,,20230700
2023-06-02 04:00:00,,20230700,7147.0,20230600,,20230700
2023-06-02 05:00:00,,20230700,7149.0,20230600,,20230700
2023-06-02 06:00:00,,20230700,7154.0,20230600,,20230700
2023-06-02 07:00:00,,20230700,7153.0,20230600,,20230700
2023-06-02 08:10:00,,20230700,7166.0,20230600,,20230700
2023-06-02 09:00:00,,20230700,7164.0,20230600,,20230700
2023-06-02 10:00:00,,20230700,7173.0,20230600,,20230700
2023-06-02 11:00:00,,20230700,7180.0,20230600,,20230700
2023-06-02 12:00:00,,20230700,7184.0,20230600,,20230700
2023-06-02 13:00:00,,20230700,7187.0,20230600,,20230700
2023-06-02 14:00:00,,20230700,7190.0,20230600,,20230700
2023-06-02 15:00:00,,20230700,7214.0,20230600,,20230700
2023-06-02 16:00:00,,20230700,7222.0,20230600,,20230700
2023-06-02 17:00:00,,20230700,7230.0,20230600,,20230700
2023-06-02 18:00:00,,20230700,7236.0,20230600,,20230700
2023-06-02 19:00:00,,20230700,7237.0,20230600,,20230700
2023-06-02 20:00:00,,20230700,7234.0,20230600,,20230700
2023-06-02 21:00:00,,20230700,7229.0,20230600,,20230700
2023-06-02 23:00:00,,20230700,7153.0,20230600,,20230700
2023-06-03 23:00:00,,20230700,7229.0,20230600,,20230700
2023-06-05 00:50:00,,20230700,7242.0,20230600,,20230700
2023-06-05 01:00:00,,20230700,7236.0,20230600,,20230700
2023-06-05 02:00:00,,20230700,7230.0,20230600,,20230700
2023-06-05 03:00:00,,20230700,7238.0,20230600,,20230700
2023-06-05 04:00:00,,20230700,7232.0,20230600,,20230700
2023-06-05 05:00:00,,20230700,7230.0,20230600,,20230700
2023-06-05 06:00:00,,20230700,7222.0,20230600,,20230700
2023-06-05 07:00:00,,20230700,7230.0,20230600,,20230700
2023-06-05 08:10:00,,20230700,7237.0,20230600,,20230700
2023-06-05 09:00:00,,20230700,7234.0,20230600,,20230700
2023-06-05 10:00:00,,20230700,7234.0,20230600,,20230700
2023-06-05 11:00:00,,20230700,7240.0,20230600,,20230700
2023-06-05 12:00:00,,20230700,7235.0,20230600,,20230700
2023-06-05 13:00:00,,20230700,7229.0,20230600,,20230700
2023-06-05 14:00:00,,20230700,7217.0,20230600,,20230700
2023-06-05 15:00:00,,20230700,7194.0,20230600,,20230700
2023-06-05 16:00:00,,20230700,7205.0,20230600,,20230700
2023-06-05 17:00:00,,20230700,7216.0,20230600,,20230700
2023-06-05 18:00:00,,20230700,7205.0,20230600,,20230700
2023-06-05 19:00:00,,20230700,7195.0,20230600,,20230700
2023-06-05 20:00:00,,20230700,7187.0,20230600,,20230700
2023-06-05 21:00:00,,20230700,7188.0,20230600,,20230700
2023-06-05 23:00:00,7244.0,20230700,7229.0,20230600,7244.0,20230700
2023-06-06 00:50:00,,20230700,7185.0,20230600,,20230700
2023-06-06 01:00:00,,20230700,7173.0,20230600,,20230700
2023-06-06 02:00:00,,20230700,7176.0,20230600,,20230700
2023-06-06 03:00:00,,20230700,7190.0,20230600,,20230700
2023-06-06 04:00:00,,20230700,7189.0,20230600,,20230700
2023-06-06 05:00:00,,20230700,7149.0,20230600,,20230700
2023-06-06 06:00:00,,20230700,7150.0,20230600,,20230700
2023-06-06 07:00:00,,20230700,7141.0,20230600,,20230700
2023-06-06 08:10:00,,20230700,7146.0,20230600,,20230700
2023-06-06 09:00:00,,20230700,7135.0,20230600,,20230700
2023-06-06 10:00:00,,20230700,7138.0,20230600,,20230700
2023-06-06 11:00:00,,20230700,7137.0,20230600,,20230700
2023-06-06 12:00:00,,20230700,7137.0,20230600,,20230700
2023-06-06 13:00:00,,20230700,7135.0,20230600,,20230700
2023-06-06 14:00:00,,20230700,7145.0,20230600,,20230700
2023-06-06 15:00:00,,20230700,7157.0,20230600,,20230700
2023-06-06 16:00:00,,20230700,7166.0,20230600,,20230700
2023-06-06 17:00:00,,20230700,7157.0,20230600,,20230700
2023-06-06 18:00:00,,20230700,7158.0,20230600,,20230700
2023-06-06 19:00:00,,20230700,7163.0,20230600,,20230700
2023-06-06 20:00:00,,20230700,7172.0,20230600,,20230700
2023-06-06 21:00:00,,20230700,7163.0,20230600,,20230700
2023-06-06 23:00:00,,20230700,7141.0,20230600,,20230700
2023-06-07 00:50:00,,20230700,7161.0,20230600,,20230700
2023-06-07 01:00:00,,20230700,7154.0,20230600,,20230700
2023-06-07 02:00:00,,20230700,7144.0,20230600,,20230700
2023-06-07 03:00:00,,20230700,7145.0,20230600,,20230700
2023-06-07 04:00:00,,20230700,7152.0,20230600,,20230700
2023-06-07 05:00:00,,20230700,7148.0,20230600,,20230700
2023-06-07 06:00:00,,20230700,7134.0,20230600,,20230700
2023-06-07 07:00:00,,20230700,7130.0,20230600,,20230700
2023-06-07 08:10:00,,20230700,7116.0,20230600,,20230700
2023-06-07 09:00:00,,20230700,7120.0,20230600,,20230700
2023-06-07 10:00:00,,20230700,7122.0,20230600,,20230700
2023-06-07 11:00:00,,20230700,7126.0,20230600,,20230700
2023-06-07 12:00:00,,20230700,7129.0,20230600,,20230700
2023-06-07 13:00:00,,20230700,7120.0,20230600,,20230700
2023-06-07 14:00:00,,20230700,7138.0,20230600,,20230700
2023-06-07 15:00:00,,20230700,7124.0,20230600,,20230700
2023-06-07 16:00:00,,20230700,7120.0,20230600,,20230700
2023-06-07 17:00:00,,20230700,7126.0,20230600,,20230700
2023-06-07 18:00:00,,20230700,7122.0,20230600,,20230700
2023-06-07 19:00:00,,20230700,7123.0,20230600,,20230700
2023-06-07 20:00:00,,20230700,7111.0,20230600,,20230700
2023-06-07 21:00:00,,20230700,7117.0,20230600,,20230700
2023-06-07 23:00:00,,20230700,7130.0,20230600,,20230700
2023-06-08 00:50:00,,20230700,7118.0,20230600,,20230700
2023-06-08 01:00:00,,20230700,7120.0,20230600,,20230700
2023-06-08 02:00:00,,20230700,7118.0,20230600,,20230700
2023-06-08 03:00:00,,20230700,7122.0,20230600,,20230700
2023-06-08 04:00:00,,20230700,7110.0,20230600,,20230700
2023-06-08 05:00:00,,20230700,7101.0,20230600,,20230700
2023-06-08 06:00:00,,20230700,7102.0,20230600,,20230700
2023-06-08 07:00:00,,20230700,7102.0,20230600,,20230700
2023-06-08 08:10:00,,20230700,7107.0,20230600,,20230700
2023-06-08 09:00:00,,20230700,7107.0,20230600,,20230700
2023-06-08 10:00:00,,20230700,7113.0,20230600,,20230700
2023-06-08 11:00:00,,20230700,7113.0,20230600,,20230700
2023-06-08 12:00:00,,20230700,7116.0,20230600,,20230700
2023-06-08 13:00:00,,20230700,7111.0,20230600,,20230700
2023-06-08 14:00:00,,20230700,7098.0,20230600,,20230700
2023-06-08 15:00:00,,20230700,7110.0,20230600,,20230700
2023-06-08 16:00:00,,20230700,7108.0,20230600,,20230700
2023-06-08 17:00:00,,20230700,7120.0,20230600,,20230700
2023-06-08 18:00:00,,20230700,7115.0,20230600,,20230700
2023-06-08 19:00:00,,20230700,7129.0,20230600,,20230700
2023-06-08 20:00:00,,20230700,7137.0,20230600,,20230700
2023-06-08 21:00:00,,20230700,7133.0,20230600,,20230700
2023-06-08 23:00:00,,20230700,7102.0,20230600,,20230700
2023-06-09 00:50:00,,20230700,7109.0,20230600,,20230700
2023-06-09 01:00:00,,20230700,7122.0,20230600,,20230700
2023-06-09 02:00:00,,20230700,7123.0,20230600,,20230700
2023-06-09 03:00:00,,20230700,7132.0,20230600,,20230700
2023-06-09 04:00:00,,20230700,7130.0,20230600,,20230700
2023-06-09 05:00:00,,20230700,7130.0,20230600,,20230700
2023-06-09 06:00:00,,20230700,7124.0,20230600,,20230700
2023-06-09 07:00:00,,20230700,7123.0,20230600,,20230700
2023-06-09 08:10:00,,20230700,7120.0,20230600,,20230700
2023-06-09 09:00:00,,20230700,7122.0,20230600,,20230700
2023-06-09 10:00:00,,20230700,7116.0,20230600,,20230700
2023-06-09 11:00:00,,20230700,7114.0,20230600,,20230700
2023-06-09 12:00:00,,20230700,7117.0,20230600,,20230700
2023-06-09 13:00:00,,20230700,7119.0,20230600,,20230700
2023-06-09 14:00:00,,20230700,7118.0,20230600,,20230700
2023-06-09 15:00:00,,20230700,7120.0,20230600,,20230700
2023-06-09 16:00:00,,20230700,7100.0,20230600,,20230700
2023-06-09 17:00:00,,20230700,7100.0,20230600,,20230700
2023-06-09 18:00:00,,20230700,7109.0,20230600,,20230700
2023-06-09 19:00:00,,20230700,7102.0,20230600,,20230700
2023-06-09 20:00:00,,20230700,7101.0,20230600,,20230700
2023-06-09 21:00:00,,20230700,7095.0,20230600,,20230700
2023-06-09 23:00:00,,20230700,7123.0,20230600,,20230700
2023-06-10 23:00:00,,20230700,7095.0,20230600,,20230700
2023-06-12 08:10:00,,20230700,7102.0,20230600,,20230700
2023-06-12 09:00:00,,20230700,7104.0,20230600,,20230700
2023-06-12 10:00:00,,20230700,7099.0,20230600,,20230700
2023-06-12 11:00:00,,20230700,7095.0,20230600,,20230700
2023-06-12 12:00:00,,20230700,7103.0,20230600,,20230700
2023-06-12 13:00:00,,20230700,7103.0,20230600,,20230700
2023-06-12 14:00:00,,20230700,7103.0,20230600,,20230700
2023-06-12 15:00:00,,20230700,7101.0,20230600,,20230700
2023-06-12 16:00:00,,20230700,7100.0,20230600,,20230700
2023-06-12 17:00:00,,20230700,7104.0,20230600,,20230700
2023-06-12 17:00:01,,20230700,7104.0,20230600,7119.0,20230700
2023-06-12 17:00:02,,20230800,7119.0,20230700,,20230800
2023-06-19 23:00:00,7313.0,20230800,7319.0,20230700,7313.0,20230800
2023-06-26 23:00:00,7086.0,20230800,7084.0,20230700,7086.0,20230800
2023-07-03 23:00:00,7272.0,20230800,7270.0,20230700,7272.0,20230800
2023-07-10 23:00:00,7017.0,20230800,7015.0,20230700,7017.0,20230800
2023-07-10 23:00:01,6963.0,20230900,7017.0,20230800,6963.0,20230900
2023-07-10 23:00:02,,20231000,6963.0,20230900,,20231000
2023-07-11 00:50:00,,20231000,7015.0,20230900,,20231000
2023-07-11 01:00:00,,20231000,7029.0,20230900,,20231000
2023-07-11 02:00:00,,20231000,7028.0,20230900,,20231000
2023-07-11 03:00:00,,20231000,7038.0,20230900,,20231000
2023-07-11 04:00:00,,20231000,7041.0,20230900,,20231000
2023-07-11 05:00:00,,20231000,7044.0,20230900,,20231000
2023-07-11 06:00:00,,20231000,7050.0,20230900,,20231000
2023-07-11 07:00:00,,20231000,7061.0,20230900,,20231000
2023-07-11 08:10:00,,20231000,7047.0,20230900,,20231000
2023-07-11 09:00:00,,20231000,7049.0,20230900,,20231000
2023-07-11 10:00:00,,20231000,7062.0,20230900,,20231000
2023-07-11 11:00:00,,20231000,7061.0,20230900,,20231000
2023-07-11 12:00:00,,20231000,7068.0,20230900,,20231000
2023-07-11 13:00:00,,20231000,7069.0,20230900,,20231000
2023-07-11 14:00:00,,20231000,7069.0,20230900,,20231000
2023-07-11 15:00:00,,20231000,7075.0,20230900,,20231000
2023-07-11 16:00:00,,20231000,7083.0,20230900,,20231000
2023-07-11 17:00:00,,20231000,7085.0,20230900,,20231000
2023-07-11 18:00:00,,20231000,7086.0,20230900,,20231000
2023-07-11 19:00:00,,20231000,7090.0,20230900,,20231000
2023-07-11 20:00:00,,20231000,7098.0,20230900,,20231000
2023-07-11 21:00:00,,20231000,7096.0,20230900,,20231000
2023-07-11 23:00:00,,20231000,7061.0,20230900,,20231000
2023-07-12 00:50:00,,20231000,7100.0,20230900,,20231000
2023-07-12 01:00:00,,20231000,7100.0,20230900,,20231000
2023-07-12 02:00:00,,20231000,7093.0,20230900,,20231000
2023-07-12 03:00:00,,20231000,7091.0,20230900,,20231000
2023-07-12 04:00:00,,20231000,7091.0,20230900,,20231000
2023-07-12 05:00:00,,20231000,7088.0,20230900,,20231000
2023-07-12 06:00:00,,20231000,7097.0,20230900,,20231000
2023-07-12 07:00:00,,20231000,7095.0,20230900,,20231000
2023-07-12 08:10:00,,20231000,7105.0,20230900,,20231000
2023-07-12 09:00:00,,20231000,7110.0,20230900,,20231000
2023-07-12 10:00:00,,20231000,7115.0,20230900,,20231000
2023-07-12 11:00:00,,20231000,7114.0,20230900,,20231000
2023-07-12 12:00:00,,20231000,7124.0,20230900,,20231000
2023-07-12 13:00:00,,20231000,7138.0,20230900,,20231000
2023-07-12 14:00:00,,20231000,7129.0,20230900,,20231000
2023-07-12 15:00:00,,20231000,7142.0,20230900,,20231000
2023-07-12 16:00:00,,20231000,7138.0,20230900,,20231000
2023-07-12 17:00:00,,20231000,7145.0,20230900,,20231000
2023-07-12 18:00:00,,20231000,7150.0,20230900,,20231000
2023-07-12 19:00:00,,20231000,7152.0,20230900,,20231000
2023-07-12 20:00:00,,20231000,7156.0,20230900,,20231000
2023-07-12 21:00:00,,20231000,7158.0,20230900,,20231000
2023-07-12 23:00:00,,20231000,7095.0,20230900,,20231000
2023-07-13 00:50:00,,20231000,7163.0,20230900,,20231000
2023-07-13 01:00:00,,20231000,7187.0,20230900,,20231000
2023-07-13 02:00:00,,20231000,7182.0,20230900,,20231000
2023-07-13 03:00:00,,20231000,7198.0,20230900,,20231000
2023-07-13 04:00:00,,20231000,7196.0,20230900,,20231000
2023-07-13 05:00:00,,20231000,7204.0,20230900,,20231000
2023-07-13 06:00:00,,20231000,7211.0,20230900,,20231000
2023-07-13 07:00:00,,20231000,7203.0,20230900,,20231000
2023-07-13 08:10:00,,20231000,7204.0,20230900,,20231000
2023-07-13 09:00:00,,20231000,7205.0,20230900,,20231000
2023-07-13 10:00:00,,20231000,7205.0,20230900,,20231000
2023-07-13 11:00:00,,20231000,7210.0,20230900,,20231000
2023-07-13 12:00:00,,20231000,7215.0,20230900,,20231000
2023-07-13 13:00:00,,20231000,7208.0,20230900,,20231000
2023-07-13 14:00:00,,20231000,7222.0,20230900,,20231000
2023-07-13 15:00:00,,20231000,7221.0,20230900,,20231000
2023-07-13 16:00:00,,20231000,7227.0,20230900,,20231000
2023-07-13 17:00:00,,20231000,7232.0,20230900,,20231000
2023-07-13 18:00:00,,20231000,7232.0,20230900,,20231000
2023-07-13 19:00:00,,20231000,7237.0,20230900,,20231000
2023-07-13 20:00:00,,20231000,7240.0,20230900,,20231000
2023-07-13 21:00:00,,20231000,7243.0,20230900,,20231000
2023-07-13 23:00:00,,20231000,7203.0,20230900,,20231000
2023-07-14 00:50:00,,20231000,7236.0,20230900,,20231000
2023-07-14 01:00:00,,20231000,7226.0,20230900,,20231000
2023-07-14 02:00:00,,20231000,7246.0,20230900,,20231000
2023-07-14 03:00:00,,20231000,7253.0,20230900,,20231000
2023-07-14 04:00:00,,20231000,7264.0,20230900,,20231000
2023-07-14 05:00:00,,20231000,7264.0,20230900,,20231000
2023-07-14 06:00:00,,20231000,7266.0,20230900,,20231000
2023-07-14 07:00:00,,20231000,7266.0,20230900,,20231000
2023-07-14 08:10:00,,20231000,7266.0,20230900,,20231000
2023-07-14 09:00:00,,20231000,7268.0,20230900,,20231000
2023-07-14 10:00:00,,20231000,7269.0,20230900,,20231000
2023-07-14 11:00:00,,20231000,7279.0,20230900,,20231000
2023-07-14 12:00:00,,20231000,7282.0,20230900,,20231000
2023-07-14 13:00:00,,20231000,7290.0,20230900,,20231000
2023-07-14 14:00:00,,20231000,7286.0,20230900,,20231000
2023-07-14 15:00:00,,20231000,7270.0,20230900,,20231000
2023-07-14 16:00:00,,20231000,7272.0,20230900,,20231000
2023-07-14 17:00:00,,20231000,7267.0,20230900,,20231000
2023-07-14 18:00:00,,20231000,7271.0,20230900,,20231000
2023-07-14 19:00:00,,20231000,7270.0,20230900,,20231000
2023-07-14 20:00:00,,20231000,7269.0,20230900,,20231000
2023-07-14 21:00:00,,20231000,7264.0,20230900,,20231000
2023-07-14 23:00:00,,20231000,7266.0,20230900,,20231000
2023-07-15 23:00:00,,20231000,7264.0,20230900,,20231000
2023-07-17 00:50:00,,20231000,7256.0,20230900,,20231000
2023-07-17 01:00:00,,20231000,7254.0,20230900,,20231000
2023-07-17 02:00:00,,20231000,7259.0,20230900,,20231000
2023-07-17 03:00:00,,20231000,7257.0,20230900,,20231000
2023-07-17 04:00:00,,20231000,7258.0,20230900,,20231000
2023-07-17 05:00:00,,20231000,7258.0,20230900,,20231000
2023-07-17 06:00:00,,20231000,7252.0,20230900,,20231000
2023-07-17 07:00:00,,20231000,7258.0,20230900,,20231000
2023-07-17 08:10:00,,20231000,7259.0,20230900,,20231000
2023-07-17 09:00:00,,20231000,7248.0,20230900,,20231000
2023-07-17 10:00:00,,20231000,7241.0,20230900,,20231000
2023-07-17 11:00:00,,20231000,7241.0,20230900,,20231000
2023-07-17 12:00:00,,20231000,7237.0,20230900,,20231000
2023-07-17 13:00:00,,20231000,7237.0,20230900,,20231000
2023-07-17 14:00:00,,20231000,7243.0,20230900,,20231000
2023-07-17 15:00:00,,20231000,7248.0,20230900,,20231000
2023-07-17 16:00:00,,20231000,7248.0,20230900,,20231000
2023-07-17 17:00:00,,20231000,7243.0,20230900,,20231000
2023-07-17 18:00:00,,20231000,7245.0,20230900,,20231000
2023-07-17 19:00:00,,20231000,7246.0,20230900,,20231000
2023-07-17 20:00:00,,20231000,7245.0,20230900,,20231000
2023-07-17 21:00:00,,20231000,7239.0,20230900,,20231000
2023-07-17 23:00:00,,20231000,7259.0,20230900,,20231000
2023-07-18 00:50:00,,20231000,7238.0,20230900,,20231000
2023-07-18 01:00:00,,20231000,7241.0,20230900,,20231000
2023-07-18 02:00:00,,20231000,7220.0,20230900,,20231000
2023-07-18 03:00:00,,20231000,7231.0,20230900,,20231000
2023-07-18 04:00:00,,20231000,7222.0,20230900,,20231000
2023-07-18 05:00:00,,20231000,7235.0,20230900,,20231000
2023-07-18 06:00:00,,20231000,7235.0,20230900,,20231000
2023-07-18 07:00:00,,20231000,7240.0,20230900,,20231000
2023-07-18 08:10:00,,20231000,7250.0,20230900,,20231000
2023-07-18 09:00:00,,20231000,7248.0,20230900,,20231000
2023-07-18 10:00:00,,20231000,7247.0,20230900,,20231000
2023-07-18 11:00:00,,20231000,7249.0,20230900,,20231000
2023-07-18 12:00:00,,20231000,7244.0,20230900,,20231000
2023-07-18 13:00:00,,20231000,7242.0,20230900,,20231000
2023-07-18 14:00:00,,20231000,7267.0,20230900,,20231000
2023-07-18 15:00:00,,20231000,7276.0,20230900,,20231000
2023-07-18 16:00:00,,20231000,7274.0,20230900,,20231000
2023-07-18 17:00:00,,20231000,7273.0,20230900,,20231000
2023-07-18 18:00:00,,20231000,7271.0,20230900,,20231000
2023-07-18 19:00:00,,20231000,7276.0,20230900,,20231000
2023-07-18 20:00:00,,20231000,7281.0,20230900,,20231000
2023-07-18 21:00:00,,20231000,7278.0,20230900,,20231000
2023-07-18 23:00:00,,20231000,7240.0,20230900,,20231000
2023-07-19 00:50:00,,20231000,7286.0,20230900,,20231000
2023-07-19 01:00:00,,20231000,7286.0,20230900,,20231000
2023-07-19 02:00:00,,20231000,7280.0,20230900,,20231000
2023-07-19 03:00:00,,20231000,7277.0,20230900,,20231000
2023-07-19 04:00:00,,20231000,7273.0,20230900,,20231000
2023-07-19 05:00:00,,20231000,7271.0,20230900,,20231000
2023-07-19 06:00:00,,20231000,7278.0,20230900,,20231000
2023-07-19 07:00:00,,20231000,7284.0,20230900,,20231000
2023-07-19 08:10:00,,20231000,7278.0,20230900,,20231000
2023-07-19 09:00:00,,20231000,7292.0,20230900,,20231000
2023-07-19 10:00:00,,20231000,7288.0,20230900,,20231000
2023-07-19 11:00:00,,20231000,7293.0,20230900,,20231000
2023-07-19 12:00:00,,20231000,7285.0,20230900,,20231000
2023-07-19 13:00:00,,20231000,7285.0,20230900,,20231000
2023-07-19 14:00:00,,20231000,7293.0,20230900,,20231000
2023-07-19 15:00:00,,20231000,7283.0,20230900,,20231000
2023-07-19 16:00:00,,20231000,7286.0,20230900,,20231000
2023-07-19 17:00:00,,20231000,7278.0,20230900,,20231000
2023-07-19 23:00:00,,20231000,7284.0,20230900,,20231000
2023-07-20 23:00:00,,20231000,7275.0,20230900,,20231000
2023-07-21 23:00:00,7279.0,20231000,7271.0,20230900,7279.0,20231000
2023-07-22 23:00:00,,20231000,7300.0,20230900,,20231000
2023-07-24 23:00:00,7268.0,20231000,7260.0,20230900,7268.0,20231000
2023-07-25 23:00:00,,20231000,7294.0,20230900,,20231000
2023-07-26 23:00:00,,20231000,7359.0,20230900,,20231000
2023-07-27 23:00:00,,20231000,7411.0,20230900,,20231000
